,Latitude,Longitude,Residual
484,32.67618,-115.48307,9.108902
854,34.38344,-118.5284,1.115921
1678,38.613779,-121.368014,47.54123
296,36.710833,-119.7775,54.48796
1361,33.572019,-116.063823,22.723763
95,36.819449,-119.716433,18.08966
1173,33.99636,-117.4924,8.190094
2947,37.079379,-121.600031,13.92202
2727,34.48974,-120.04692,2.577507
2978,37.226862,-121.979675,20.516289
2817,34.942872,-120.435611,16.24208
3190,37.348497,-121.894898,2.9958496
2555,34.427775,-119.691218,2.1186066
2508,34.427775,-119.691218,6.670765
1906,34.05977,-117.14731,6.397644
1768,38.56844,-121.49311,26.765911
740,34.181977,-118.363036,5.5601044
2706,34.54166,-119.79146,0.08714676
2646,34.605819,-120.075069,3.8266602
2897,37.338135,-121.849783,14.194283
2660,34.48974,-120.04692,2.4491234
2076,34.10374,-117.62914,28.044983
2669,34.403052,-119.457914,17.587616
1273,33.78942,-117.22764,16.768143
1705,38.56844,-121.49311,22.58308
1743,38.613779,-121.368014,33.97609
419,32.67618,-115.48307,28.135376
1961,34.05977,-117.14731,19.537094
2649,34.427775,-119.691218,1.8544159
550,32.67618,-115.48307,0.41490555
3205,37.338135,-121.849783,7.08535
2528,34.48974,-120.04692,6.561062
2898,37.338135,-121.849783,11.8714905
1497,38.613779,-121.368014,15.194103
1151,33.70853,-116.21537,5.12183
2666,34.942872,-120.435611,15.435486
2268,32.842318,-116.768293,0.020874023
3183,37.338135,-121.849783,21.763237
1623,38.71209,-121.38109,6.5169525
1585,38.71209,-121.38109,1.9049377
165,36.597442,-119.503659,10.892342
1555,38.613779,-121.368014,10.011208
695,33.859662,-118.200707,12.702362
3227,36.999571,-121.574684,34.168396
3008,37.079379,-121.600031,12.983143
1011,34.01029,-118.0685,16.64647
2853,34.427775,-119.691218,17.2351
2919,37.338135,-121.849783,10.863083
821,34.06703,-117.7514,5.722748
2465,33.362593,-117.09023,18.719398
2242,32.842318,-116.768293,12.918629
835,34.38344,-118.5284,65.06769
453,32.67618,-115.48307,8.198029
2125,34.510961,-117.32554,16.933704
2804,34.942872,-120.435611,1.2032433
1761,38.56844,-121.49311,21.50505
1764,38.56844,-121.49311,26.632637
2498,33.362593,-117.09023,5.4332886
830,34.1326,-118.1272,6.5529633
1149,33.70853,-116.21537,4.4008217
1397,33.99636,-117.4924,6.5390167
2218,32.842318,-116.768293,20.25972
2988,37.348497,-121.894898,5.7246094
1506,38.494475,-121.211131,10.540878
153,36.819449,-119.716433,6.898876
1933,35.1019,-115.7767,5.3795815
2279,33.362593,-117.09023,0.1924057
1247,33.99636,-117.4924,7.8074417
1972,34.2431,-117.27235,13.788406
2684,34.403052,-119.457914,1.6402893
2811,34.427775,-119.691218,2.4109802
3002,37.226862,-121.979675,33.387344
2588,34.48974,-120.04692,9.40715
2283,32.842318,-116.768293,5.749237
1475,38.613779,-121.368014,10.328133
2459,33.362593,-117.09023,11.507835
2309,33.362593,-117.09023,9.862347
2883,37.338135,-121.849783,28.555038
3111,37.348497,-121.894898,20.795563
2954,36.999571,-121.574684,19.752625
1248,33.71969,-116.1897,13.992603
1962,34.030833,-117.61722,10.163223
868,34.06703,-117.7514,18.012524
1331,33.747236,-115.820124,7.967331
2124,34.030833,-117.61722,10.065781
621,32.79222,-115.56306,3.299286
2310,33.362593,-117.09023,8.326759
566,32.67618,-115.48307,2.5683174
2643,34.48974,-120.04692,2.3080902
1370,33.99636,-117.4924,3.4817314
1617,38.71209,-121.38109,2.672699
542,32.67618,-115.48307,4.951317
1100,33.99636,-117.4924,2.045021
1944,34.05977,-117.14731,3.0560226
3191,37.338135,-121.849783,9.706848
1628,38.613779,-121.368014,7.0949097
2460,33.362593,-117.09023,14.739021
1203,33.9397,-115.4108,9.98616
2116,34.030833,-117.61722,8.811081
1060,33.99636,-117.4924,0.9930458
2672,34.403052,-119.457914,3.4898224
158,36.597442,-119.503659,15.353401
2796,34.48974,-120.04692,5.2864532
792,34.1326,-118.1272,9.22834
3126,37.348497,-121.894898,21.457611
1354,33.99636,-117.4924,2.6905365
2406,33.362593,-117.09023,6.2242737
2958,37.348497,-121.894898,13.708557
2241,32.710177,-117.142665,17.280655
1946,34.2431,-117.27235,3.9658356
1839,34.030833,-117.61722,5.8345184
2744,34.942872,-120.435611,21.045185
3027,37.079379,-121.600031,18.205505
1999,34.05977,-117.14731,12.20816
3,36.72639,-119.733,14.963829
2985,37.079379,-121.600031,7.173752
2151,33.362593,-117.09023,16.985107
1572,38.613779,-121.368014,11.718407
1099,33.70853,-116.21537,18.448486
208,36.985119,-119.658339,9.020088
1519,38.613779,-121.368014,14.935738
2714,34.403052,-119.457914,5.4847527
801,34.06703,-117.7514,18.370483
557,32.67618,-115.48307,4.284279
1346,33.944713,-116.830074,20.457619
2074,34.89398,-117.024804,39.475693
1281,33.99636,-117.4924,4.3963623
1676,38.613779,-121.368014,11.663013
2851,34.427775,-119.691218,1.288063
77,36.705474,-119.741332,9.728043
1602,38.302591,-121.420838,13.607597
700,33.859662,-118.200707,11.610306
1838,34.06812,-117.52579,10.813438
2181,33.362593,-117.09023,20.347897
368,32.67618,-115.48307,19.972946
2216,33.217055,-117.396177,20.83979
1020,33.79236,-118.17533,3.618927
2509,34.48974,-120.04692,4.9318542
1291,33.99958,-117.41601,14.059555
2960,37.226862,-121.979675,18.868874
2534,34.605819,-120.075069,6.551594
3144,37.338135,-121.849783,13.335693
2634,34.48974,-120.04692,5.004959
2766,34.942872,-120.435611,83.40527
235,36.597442,-119.503659,18.721878
379,32.67618,-115.48307,21.599808
2956,37.348497,-121.894898,13.490608
144,36.597442,-119.503659,19.740265
2485,33.362593,-117.09023,1.1079865
3124,36.999571,-121.574684,47.489426
2244,32.710177,-117.142665,14.201904
2436,33.362593,-117.09023,4.0432053
1873,34.2431,-117.27235,11.399406
2229,32.842318,-116.768293,20.020508
1557,38.494475,-121.211131,16.871426
3010,37.226862,-121.979675,15.837753
1057,33.99636,-117.4924,2.4892426
3127,37.348497,-121.894898,83.408745
2464,32.57816,-116.92135,4.711876
2881,37.079379,-121.600031,25.843376
2815,34.427775,-119.691218,8.939453
673,32.67618,-115.48307,10.850536
2720,34.48974,-120.04692,19.986801
122,36.597442,-119.503659,8.752991
2607,34.48974,-120.04692,3.6464348
2192,33.362593,-117.09023,0.22788239
1311,33.99636,-117.4924,3.495514
324,36.710833,-119.7775,5.1939926
524,32.67618,-115.48307,10.26672
1516,38.613779,-121.368014,6.623932
2414,32.845709,-117.123964,13.808121
7,36.78538,-119.77321,24.563324
1606,38.71209,-121.38109,8.150063
1707,38.71209,-121.38109,11.141487
303,36.819449,-119.716433,15.473122
1795,34.030833,-117.61722,12.63068
3223,37.079379,-121.600031,19.884422
2153,33.362593,-117.09023,10.752457
2895,37.338135,-121.849783,17.840889
2438,33.362593,-117.09023,15.847572
718,33.859662,-118.200707,17.18068
1693,38.56844,-121.49311,9.723297
1230,33.78942,-117.22764,0.1348114
1251,33.78942,-117.22764,39.986427
2942,37.079379,-121.600031,30.577072
633,32.67618,-115.48307,6.785019
611,32.67618,-115.48307,16.097488
2468,33.362593,-117.09023,14.372589
1912,34.05977,-117.14731,7.194687
2708,34.54166,-119.79146,2.5959396
149,36.597442,-119.503659,11.692444
592,32.67618,-115.48307,4.602623
1364,33.99636,-117.4924,1.7074661
546,32.67618,-115.48307,1.416153
1899,34.05977,-117.14731,1.4772949
1317,33.78942,-117.22764,4.8258514
965,34.19925,-118.53276,16.915115
2918,36.999571,-121.574684,1.2593842
3234,37.338135,-121.849783,11.846191
1509,38.302591,-121.420838,10.291763
2755,34.427775,-119.691218,13.734695
2819,34.44551,-119.8284,5.8786964
2276,32.842318,-116.768293,8.174637
1811,34.030833,-117.61722,14.611015
686,32.67618,-115.48307,11.700317
858,34.669739,-118.130511,6.3078613
2403,33.362593,-117.09023,31.98233
1760,38.613779,-121.368014,3.7099152
900,34.38344,-118.5284,39.583397
1495,38.56844,-121.49311,14.001957
3041,37.079379,-121.600031,7.696068
864,34.38344,-118.5284,31.046371
1115,33.70853,-116.21537,10.388504
2290,33.362593,-117.09023,14.49501
1751,38.71209,-121.38109,11.509041
1413,33.99636,-117.4924,1.0860825
2964,37.079379,-121.600031,6.2442436
604,32.67618,-115.48307,7.034416
487,32.67618,-115.48307,7.7875214
834,34.19925,-118.53276,18.609444
748,34.1326,-118.1272,16.494057
135,36.819449,-119.716433,18.13028
1840,34.030833,-117.61722,6.5343704
2224,32.842318,-116.768293,16.588257
1781,34.030833,-117.61722,13.983482
1121,33.70853,-116.21537,13.637764
2050,34.10374,-117.62914,22.16124
1087,33.70853,-116.21537,8.435524
1481,38.613779,-121.368014,4.5876083
1591,38.613779,-121.368014,2.9728699
925,34.06703,-117.7514,24.098236
3017,37.079379,-121.600031,7.534378
737,33.859662,-118.200707,1.0151978
3109,37.338135,-121.849783,66.8736
869,34.38344,-118.5284,6.015167
430,32.67618,-115.48307,5.865181
2782,34.942872,-120.435611,7.063034
1843,34.05977,-117.14731,13.227463
1096,33.99636,-117.4924,0.15016937
2245,33.362593,-117.09023,11.313087
1943,34.05977,-117.14731,2.087761
3104,36.999571,-121.574684,3.9570007
591,32.67618,-115.48307,4.998474
2573,34.54166,-119.79146,5.8155746
1040,33.901389,-118.205,12.7222595
2641,34.605819,-120.075069,2.8992043
143,36.597442,-119.503659,9.579124
338,36.72639,-119.733,8.557503
3148,37.348497,-121.894898,37.77722
2166,32.57816,-116.92135,0.34841156
31,36.710833,-119.7775,5.9573975
3182,37.348497,-121.894898,15.774757
3162,37.079379,-121.600031,28.576645
909,34.06703,-117.7514,14.158043
2348,32.842318,-116.768293,8.494785
1236,33.99958,-117.41601,9.894875
441,32.67618,-115.48307,7.5466003
1478,38.302591,-121.420838,18.908485
2228,32.57816,-116.92135,21.023026
2505,33.362593,-117.09023,10.085682
1598,38.71209,-121.38109,10.129974
136,36.819449,-119.716433,20.07315
1626,38.613779,-121.368014,8.407932
2872,34.427775,-119.691218,2.070984
1389,33.99636,-117.4924,20.999313
2759,34.942872,-120.435611,19.800571
699,33.859662,-118.200707,10.188042
1402,33.99636,-117.4924,4.751816
2093,34.030833,-117.61722,5.92379
280,36.985119,-119.658339,12.974655
2171,33.362593,-117.09023,18.798363
2207,33.362593,-117.09023,0.06932068
3186,36.999571,-121.574684,18.972885
2095,34.510961,-117.32554,22.97696
1120,33.99636,-117.4924,6.7286606
2663,34.63782,-120.4575,0.37387848
1440,38.613779,-121.368014,6.493553
1352,33.99636,-117.4924,5.2964478
3113,36.999571,-121.574684,60.614532
882,34.14435,-117.85036,9.906952
839,34.06703,-117.7514,4.877899
2366,32.842318,-116.768293,26.511414
1098,33.99636,-117.4924,12.231079
1392,33.99636,-117.4924,4.621109
229,36.597442,-119.503659,16.937698
1406,33.99636,-117.4924,0.6965561
2146,32.789565,-116.944308,12.058029
2316,32.842318,-116.768293,6.464859
30,36.78538,-119.77321,10.261406
2703,34.403052,-119.457914,1.4009438
2860,34.427775,-119.691218,5.3545494
883,34.38344,-118.5284,12.192139
1044,33.901389,-118.205,22.069885
706,33.901389,-118.205,1.6698761
931,34.14435,-117.85036,12.046967
1184,33.70853,-116.21537,6.47892
522,32.67618,-115.48307,2.1967926
1695,38.56844,-121.49311,2.8510437
1994,34.05977,-117.14731,18.593567
3176,37.338135,-121.849783,38.86386
2730,34.403052,-119.457914,0.6812172
335,36.72639,-119.733,38.894524
1941,34.05977,-117.14731,11.373993
1386,33.67649,-117.33098,19.004646
2514,34.48974,-120.04692,1.8514633
1859,35.1019,-115.7767,6.136528
2044,34.05977,-117.14731,7.4261017
1426,38.613779,-121.368014,7.3026505
1718,38.613779,-121.368014,7.260414
3078,37.348497,-121.894898,10.704975
2995,37.079379,-121.600031,14.2063675
56,36.985119,-119.658339,9.709446
838,34.1326,-118.1272,5.497162
1394,33.99636,-117.4924,21.633965
1885,34.06957,-116.38893,9.232933
238,36.597442,-119.503659,26.980362
1501,38.613779,-121.368014,14.153225
2583,34.48974,-120.04692,8.617226
3021,37.079379,-121.600031,16.53949
1111,33.56125,-116.153383,9.759869
3112,36.999571,-121.574684,61.710533
1659,38.56844,-121.49311,17.49701
210,36.819449,-119.716433,16.041267
3209,37.338135,-121.849783,9.57357
340,36.710833,-119.7775,39.95143
2162,33.362593,-117.09023,1.4057617
1128,33.56125,-116.153383,5.791191
2992,37.079379,-121.600031,7.2974586
1477,38.494475,-121.211131,17.413136
2832,34.54166,-119.79146,3.3405228
1415,38.613779,-121.368014,41.83422
1725,38.613779,-121.368014,0.9371033
3065,37.079379,-121.600031,7.122246
3192,37.338135,-121.849783,26.138
2281,33.362593,-117.09023,8.353191
1677,38.494475,-121.211131,10.235519
2843,34.427775,-119.691218,1.7940025
2699,34.54166,-119.79146,7.816017
2830,34.54166,-119.79146,3.080742
2797,34.48974,-120.04692,5.977516
870,34.14435,-117.85036,1.7243958
2284,32.57816,-116.92135,10.234108
1601,38.613779,-121.368014,0.77957153
2532,34.427775,-119.691218,1.0846443
2183,32.842318,-116.768293,23.684021
543,32.67618,-115.48307,13.943153
2875,37.338135,-121.849783,12.315773
2393,33.362593,-117.09023,57.326756
680,32.67618,-115.48307,9.269226
2973,36.999571,-121.574684,9.774475
1826,34.030833,-117.61722,5.618416
2205,32.57816,-116.92135,8.652298
2692,34.54166,-119.79146,2.171341
2213,32.710177,-117.142665,16.462479
3118,37.338135,-121.849783,7.1270256
762,33.859662,-118.200707,16.369637
1190,33.99958,-117.41601,9.354195
1447,38.56844,-121.49311,14.98597
1287,33.78942,-117.22764,2.5872345
294,36.78538,-119.77321,11.9142
2601,34.403052,-119.457914,3.634697
2996,36.999571,-121.574684,1.7972412
996,33.859662,-118.200707,2.0259705
2416,32.789565,-116.944308,11.959793
2374,32.842318,-116.768293,66.23756
2990,37.079379,-121.600031,11.813293
2378,33.362593,-117.09023,12.881836
3080,37.338135,-121.849783,4.995487
2371,32.842318,-116.768293,35.025383
426,32.67618,-115.48307,9.193794
2888,37.338135,-121.849783,36.941177
2953,37.348497,-121.894898,17.528122
1897,34.106678,-117.274063,8.348129
1240,33.99636,-117.4924,14.618668
1205,33.92086,-116.85841,6.427887
1339,33.99636,-117.4924,6.338272
3199,37.348497,-121.894898,2.376236
2719,34.48974,-120.04692,0.0621624
2379,33.362593,-117.09023,17.797234
482,32.67618,-115.48307,16.948395
3026,37.079379,-121.600031,12.152992
258,36.985119,-119.658339,6.0067825
1644,38.613779,-121.368014,3.8250809
2510,34.725352,-120.428717,4.5679245
1125,33.70853,-116.21537,6.801716
1238,33.99636,-117.4924,25.929588
2877,36.999571,-121.574684,24.619339
2777,34.427775,-119.691218,2.8090515
863,34.38344,-118.5284,28.869217
2057,34.05977,-117.14731,19.44719
1016,33.901389,-118.205,1.4969482
610,32.67618,-115.48307,2.5993118
625,32.67618,-115.48307,7.273346
3125,36.999571,-121.574684,34.9834
1799,34.030833,-117.61722,2.290985
1833,34.06812,-117.52579,23.070992
1451,38.593322,-121.503795,1.5826263
1925,34.2431,-117.27235,5.302719
2831,34.942872,-120.435611,3.8355408
26,36.710833,-119.7775,14.560486
1528,38.613779,-121.368014,13.669296
2951,36.999571,-121.574684,18.5196
2994,36.999571,-121.574684,15.635902
947,34.669739,-118.130511,1.5050201
1343,33.99958,-117.41601,0.30799103
2513,34.48974,-120.04692,4.138687
1358,33.99636,-117.4924,7.5929184
1461,38.613779,-121.368014,13.1788025
461,32.67618,-115.48307,1.6297951
1637,38.71209,-121.38109,7.5575104
2327,33.362593,-117.09023,10.193588
443,32.67618,-115.48307,11.159309
971,34.38344,-118.5284,2.5906754
804,34.38344,-118.5284,6.5042877
799,34.14435,-117.85036,8.413429
2194,33.362593,-117.09023,1.4250832
1829,34.030833,-117.61722,5.0956306
3224,37.348497,-121.894898,8.875481
1321,33.99636,-117.4924,0.86369324
1879,35.1019,-115.7767,0.38550568
1907,34.05977,-117.14731,17.791718
380,32.67618,-115.48307,24.323418
1368,33.99636,-117.4924,7.0651855
458,32.67618,-115.48307,12.0091095
2293,32.842318,-116.768293,7.8514404
2255,32.842318,-116.768293,11.972931
119,36.819449,-119.716433,18.03627
2201,32.710177,-117.142665,22.124573
1436,38.593322,-121.503795,18.932182
2829,34.427775,-119.691218,4.22612
1419,38.613779,-121.368014,1.300003
967,34.38344,-118.5284,5.118347
2716,34.54166,-119.79146,2.6931038
8,36.78538,-119.77321,7.079113
169,36.597442,-119.503659,13.255203
2330,32.842318,-116.768293,13.697891
590,32.67618,-115.48307,0.58184814
2598,34.403052,-119.457914,4.7804146
2155,33.362593,-117.09023,12.6770935
2794,34.48974,-120.04692,0.8029938
256,36.985119,-119.658339,84.80935
990,33.901389,-118.205,11.034172
956,34.38344,-118.5284,21.144714
812,34.06703,-117.7514,19.676056
14,36.710833,-119.7775,4.4947243
1769,38.56844,-121.49311,22.575783
132,36.597442,-119.503659,16.118362
927,34.14435,-117.85036,12.380386
2119,34.030833,-117.61722,8.940834
837,34.01029,-118.0685,14.376247
2515,34.44551,-119.8284,4.3038177
2270,32.842318,-116.768293,14.565521
367,32.67618,-115.48307,5.635437
1657,38.56844,-121.49311,35.8304
2394,33.362593,-117.09023,19.922646
1948,34.05977,-117.14731,3.4874878
2395,33.362593,-117.09023,32.654953
105,36.597442,-119.503659,14.578339
2710,34.48974,-120.04692,1.925045
2014,34.2431,-117.27235,5.897537
352,36.985119,-119.658339,14.42923
189,36.985119,-119.658339,8.882835
107,36.597442,-119.503659,10.943329
1845,34.89398,-117.024804,14.731499
665,32.67618,-115.48307,18.970024
3141,37.079379,-121.600031,12.847946
2073,34.030833,-117.61722,4.799946
2556,34.427775,-119.691218,6.1200256
796,34.1326,-118.1272,8.890465
260,36.819449,-119.716433,2.194786
1772,38.613779,-121.368014,9.856529
1380,33.99636,-117.4924,8.112896
76,36.985119,-119.658339,9.6871605
1559,38.302591,-121.420838,17.119537
510,32.67618,-115.48307,8.748825
311,36.710833,-119.7775,1.0874634
1661,38.71209,-121.38109,6.6593704
1473,38.56844,-121.49311,18.81694
1832,34.06812,-117.52579,14.640038
1383,33.99636,-117.4924,0.1515274
1605,38.613779,-121.368014,4.319252
1646,38.613779,-121.368014,8.488075
2357,32.842318,-116.768293,26.005154
862,34.38344,-118.5284,36.625397
1883,35.1019,-115.7767,0.7543869
183,36.597442,-119.503659,19.355576
2568,34.725352,-120.428717,6.28656
1665,38.56844,-121.49311,26.582237
1825,34.030833,-117.61722,13.70105
535,32.97833,-115.53917,5.235714
40,36.710833,-119.7775,9.700439
2519,34.427775,-119.691218,1.4777374
3098,37.079379,-121.600031,16.535324
2972,37.348497,-121.894898,13.607498
2761,34.63782,-120.4575,37.042366
2871,34.942872,-120.435611,9.870346
985,34.669739,-118.130511,2.471115
1658,38.56844,-121.49311,12.446121
2226,32.842318,-116.768293,15.063141
2211,32.842318,-116.768293,16.515259
2889,37.079379,-121.600031,25.71431
1817,34.41056,-116.9072,0.010932922
2651,34.63782,-120.4575,6.0654144
1101,33.99636,-117.4924,13.139008
2778,34.942872,-120.435611,1.5569305
43,36.78538,-119.77321,2.4329681
2833,34.48974,-120.04692,3.424553
980,34.19925,-118.53276,12.847092
895,34.38344,-118.5284,18.63272
819,34.06703,-117.7514,7.110794
18,36.78538,-119.77321,4.804207
2363,33.362593,-117.09023,11.035118
1757,38.56844,-121.49311,10.947212
1417,38.613779,-121.368014,22.51204
1496,38.613779,-121.368014,8.497505
795,34.1326,-118.1272,8.87693
1694,38.593322,-121.503795,5.669571
2474,33.362593,-117.09023,3.9109955
110,36.985119,-119.658339,10.55579
2896,37.338135,-121.849783,1.9806061
1596,38.71209,-121.38109,12.696239
2029,34.030833,-117.61722,5.5558624
1831,34.05977,-117.14731,21.823547
1043,33.901389,-118.205,3.9813843
749,34.1326,-118.1272,18.665257
514,32.67618,-115.48307,10.715172
2494,33.362593,-117.09023,16.089478
3157,37.226862,-121.979675,15.432922
1086,33.56125,-116.153383,3.0632858
2500,33.362593,-117.09023,20.386658
662,32.67618,-115.48307,37.286995
2234,33.362593,-117.09023,0.94062424
2941,37.079379,-121.600031,15.6508255
2575,34.48974,-120.04692,9.175518
2449,33.362593,-117.09023,13.005356
1084,33.99636,-117.4924,17.650192
3161,37.348497,-121.894898,24.399231
2141,34.030833,-117.61722,21.85498
999,34.01029,-118.0685,0.20949554
865,34.38344,-118.5284,32.97225
560,32.67618,-115.48307,9.673386
2776,34.403052,-119.457914,0.38113022
1167,33.99636,-117.4924,11.828293
2230,32.710177,-117.142665,20.231262
587,32.79222,-115.56306,8.565254
20,36.78538,-119.77321,12.512726
309,36.78538,-119.77321,13.554993
1556,38.613779,-121.368014,12.729385
3207,37.348497,-121.894898,18.387352
2754,34.942872,-120.435611,9.855003
2789,34.427775,-119.691218,18.887741
1892,34.05977,-117.14731,7.051956
1847,34.030833,-117.61722,18.94392
1916,34.05977,-117.14731,5.2724533
763,33.859662,-118.200707,11.384422
2090,34.030833,-117.61722,16.225792
89,36.985119,-119.658339,8.687317
2735,34.942872,-120.435611,14.204205
2867,34.427775,-119.691218,9.870605
1629,38.71209,-121.38109,5.4920807
2165,32.57816,-116.92135,4.8543625
3233,37.338135,-121.849783,18.136147
1014,34.181977,-118.363036,12.711464
1796,34.030833,-117.61722,3.8189774
1590,38.71209,-121.38109,5.452965
827,34.06703,-117.7514,7.047825
655,33.0325,-115.62361,1.7018204
1583,38.302591,-121.420838,4.725395
2099,34.030833,-117.61722,0.33218384
251,36.985119,-119.658339,45.02571
41,36.72639,-119.733,25.355255
2571,34.427775,-119.691218,3.7155075
2058,35.1019,-115.7767,10.039978
3024,37.348497,-121.894898,4.446686
1479,38.613779,-121.368014,21.916924
1313,33.99958,-117.41601,16.695816
80,36.597442,-119.503659,5.822422
2388,32.842318,-116.768293,31.904572
2926,37.348497,-121.894898,10.721912
2661,34.63782,-120.4575,3.3356934
186,36.985119,-119.658339,11.37117
448,32.67618,-115.48307,7.6999855
78,36.985119,-119.658339,11.278709
1979,34.05977,-117.14731,16.89058
708,33.859662,-118.200707,5.6901627
678,32.67618,-115.48307,3.9623222
2109,34.26464,-116.86147,5.826294
1541,38.613779,-121.368014,15.180428
2084,34.030833,-117.61722,16.699684
298,36.710833,-119.7775,22.574234
1698,38.494475,-121.211131,10.696281
589,32.97833,-115.53917,26.703522
1498,38.613779,-121.368014,6.572426
1122,33.70853,-116.21537,8.729851
2950,37.079379,-121.600031,20.75232
1692,38.613779,-121.368014,7.789032
1783,34.030833,-117.61722,5.304474
877,34.14435,-117.85036,24.525848
2318,32.842318,-116.768293,7.7315674
118,36.819449,-119.716433,19.74376
2193,32.57816,-116.92135,14.639496
3046,37.226862,-121.979675,10.945469
3089,36.999571,-121.574684,12.271187
3140,36.999571,-121.574684,17.309452
1664,38.593322,-121.503795,5.349045
845,34.06703,-117.7514,10.829277
629,32.67618,-115.48307,2.684803
128,36.985119,-119.658339,9.365002
811,34.1326,-118.1272,5.11438
634,32.67618,-115.48307,30.904415
2839,34.427775,-119.691218,3.979126
1533,38.71209,-121.38109,13.03125
2769,34.44551,-119.8284,12.04723
3099,37.226862,-121.979675,22.462685
2696,34.427775,-119.691218,13.775581
2550,34.48974,-120.04692,11.542168
2828,34.48974,-120.04692,4.549652
760,34.19925,-118.53276,10.447067
2563,34.725352,-120.428717,3.6789932
1163,33.70853,-116.21537,0.9448929
279,36.819449,-119.716433,12.640884
770,34.1326,-118.1272,13.908257
2197,33.362593,-117.09023,5.0804596
2343,33.362593,-117.09023,4.063259
2784,34.403052,-119.457914,12.072433
1500,38.302591,-121.420838,8.141285
476,32.79222,-115.56306,1.2773743
2481,33.362593,-117.09023,3.4161224
3158,37.079379,-121.600031,17.324203
2365,32.842318,-116.768293,11.127693
842,34.38344,-118.5284,12.719131
2434,33.362593,-117.09023,21.41372
2650,34.427775,-119.691218,9.91098
2518,34.48974,-120.04692,3.743927
1510,38.613779,-121.368014,15.278931
847,34.06703,-117.7514,8.483383
10,36.78538,-119.77321,4.175621
2783,34.403052,-119.457914,20.025497
1466,38.613779,-121.368014,6.2669907
2537,34.48974,-120.04692,4.4296417
2302,32.57816,-116.92135,17.26448
2572,34.427775,-119.691218,8.628487
2115,34.26464,-116.86147,3.92984
1797,34.030833,-117.61722,3.9184532
191,36.819449,-119.716433,15.594109
1025,33.859662,-118.200707,3.3355713
2382,33.362593,-117.09023,9.478737
1851,35.1019,-115.7767,11.5447235
2437,33.362593,-117.09023,11.602264
705,33.79236,-118.17533,10.947708
1746,38.613779,-121.368014,12.725891
87,36.597442,-119.503659,8.963909
1926,34.06957,-116.38893,10.123619
1932,35.1019,-115.7767,31.625877
2299,33.362593,-117.09023,11.129974
1073,33.92086,-116.85841,2.061493
2282,32.842318,-116.768293,16.300621
1939,34.05977,-117.14731,2.9371796
480,32.67618,-115.48307,8.072456
2208,33.362593,-117.09023,7.9129715
2834,34.427775,-119.691218,8.312
2653,34.427775,-119.691218,2.142849
2231,33.362593,-117.09023,2.5050812
102,36.710833,-119.7775,8.2556
25,36.78538,-119.77321,4.5171204
1001,33.859662,-118.200707,7.357071
342,36.710833,-119.7775,17.304985
99,36.597442,-119.503659,9.350681
1920,34.05977,-117.14731,12.846085
2596,34.725352,-120.428717,7.4653206
1092,33.99636,-117.4924,8.6525
286,36.819449,-119.716433,23.07785
438,32.67618,-115.48307,6.952629
852,34.38344,-118.5284,0.26237488
2717,34.54166,-119.79146,3.983551
2623,34.427775,-119.691218,9.699108
533,32.67618,-115.48307,8.149971
217,36.597442,-119.503659,4.182968
3189,36.999571,-121.574684,12.163666
325,36.710833,-119.7775,15.648743
2640,34.725352,-120.428717,3.2657013
33,36.710833,-119.7775,14.134262
619,32.67618,-115.48307,7.3634186
1526,38.71209,-121.38109,8.624474
1401,33.99636,-117.4924,5.6693344
2695,34.427775,-119.691218,17.310379
2156,33.217055,-117.396177,6.639801
1564,38.613779,-121.368014,2.8372116
2483,33.362593,-117.09023,14.258682
846,34.1326,-118.1272,2.467064
836,34.669739,-118.130511,20.78933
1467,38.613779,-121.368014,3.3236084
1503,38.302591,-121.420838,15.632896
393,32.67618,-115.48307,9.372063
775,34.1326,-118.1272,16.55426
1579,38.71209,-121.38109,6.3276215
1409,33.99636,-117.4924,21.1726
1621,38.71209,-121.38109,9.275215
771,34.1326,-118.1272,9.371994
1545,38.71209,-121.38109,12.112625
808,34.14435,-117.85036,6.858124
2091,34.030833,-117.61722,3.3511734
73,36.985119,-119.658339,8.567947
2840,34.48974,-120.04692,5.67807
2175,33.362593,-117.09023,9.221451
1068,33.99636,-117.4924,17.573822
3226,37.348497,-121.894898,3.552559
2286,33.362593,-117.09023,8.069897
365,32.67618,-115.48307,25.857056
2269,32.842318,-116.768293,2.4544373
2422,33.362593,-117.09023,68.235825
1824,34.030833,-117.61722,10.48098
3066,37.079379,-121.600031,4.387741
3229,37.338135,-121.849783,23.785164
1199,33.92086,-116.85841,8.390274
392,32.67618,-115.48307,4.762001
3005,37.079379,-121.600031,17.447205
2616,34.725352,-120.428717,2.2799072
2253,33.362593,-117.09023,3.0221252
3009,36.999571,-121.574684,13.555824
940,34.14435,-117.85036,92.73505
1161,33.61235,-114.60209,4.3701744
1544,38.71209,-121.38109,19.0792
34,36.710833,-119.7775,11.521988
650,32.67618,-115.48307,19.374191
2405,33.362593,-117.09023,14.658012
1935,34.05977,-117.14731,7.3092422
2557,34.427775,-119.691218,1.8641281
745,34.05111,-118.45636,3.4024124
42,36.710833,-119.7775,13.209213
1955,35.77417,-117.3714,24.811943
2526,34.48974,-120.04692,8.691856
385,32.67618,-115.48307,2.4342575
2880,37.348497,-121.894898,18.377518
3045,37.226862,-121.979675,10.56044
2668,34.403052,-119.457914,9.019356
2974,37.348497,-121.894898,5.6843033
2959,37.226862,-121.979675,12.591919
161,36.597442,-119.503659,8.786926
1876,35.77417,-117.3714,10.628967
2566,34.48974,-120.04692,8.255257
2938,37.348497,-121.894898,9.875511
1302,33.99636,-117.4924,16.273144
593,32.67618,-115.48307,36.287544
2912,36.999571,-121.574684,7.014744
970,34.19925,-118.53276,0.42396545
1351,33.99636,-117.4924,12.802551
826,34.06703,-117.7514,7.1108284
291,36.710833,-119.7775,0.4412079
2814,34.427775,-119.691218,3.7556534
2617,34.725352,-120.428717,4.8574753
1400,33.99636,-117.4924,2.8323288
1421,38.613779,-121.368014,33.180504
2377,33.362593,-117.09023,38.45779
2334,32.842318,-116.768293,6.651062
992,34.06659,-118.22688,16.030655
486,33.213611,-115.54528,7.5674057
599,32.79222,-115.56306,10.61182
573,33.213611,-115.54528,0.19131851
558,33.213611,-115.54528,3.3215256
609,32.67618,-115.48307,7.7865524
2444,33.362593,-117.09023,0.015090942
1805,34.030833,-117.61722,14.044151
1181,33.99636,-117.4924,3.454422
768,34.1326,-118.1272,15.821655
1540,38.613779,-121.368014,15.891647
1312,33.99636,-117.4924,14.292847
2113,34.106678,-117.274063,9.886917
672,32.67618,-115.48307,25.688622
1502,38.613779,-121.368014,13.002193
783,34.19925,-118.53276,6.402504
981,34.38344,-118.5284,14.142967
207,36.985119,-119.658339,5.245659
2428,32.57816,-116.92135,34.402008
2017,34.05977,-117.14731,1.2666168
1515,38.613779,-121.368014,8.571701
1830,34.030833,-117.61722,2.7410736
1103,33.99636,-117.4924,17.003822
1175,33.70853,-116.21537,5.4730377
950,34.181977,-118.363036,8.094521
326,36.710833,-119.7775,32.52192
2041,34.10374,-117.62914,9.84584
74,36.985119,-119.658339,8.6370125
2466,33.362593,-117.09023,5.5370255
1569,38.613779,-121.368014,15.43
1846,34.05977,-117.14731,17.157951
2315,32.842318,-116.768293,15.079948
1350,33.99636,-117.4924,6.356041
1898,34.106678,-117.274063,1.1524658
2271,33.362593,-117.09023,13.209366
2372,32.842318,-116.768293,28.161316
991,34.06659,-118.22688,7.6976013
495,32.97833,-115.53917,5.291336
194,36.985119,-119.658339,1.7572784
2239,33.217055,-117.396177,10.817825
425,32.67618,-115.48307,8.996544
354,36.78538,-119.77321,14.590782
3160,37.079379,-121.600031,30.87484
1785,34.030833,-117.61722,3.589653
428,32.67618,-115.48307,11.3569565
1329,33.99636,-117.4924,7.1611176
2182,33.362593,-117.09023,3.7898788
2163,32.57816,-116.92135,14.359371
271,36.985119,-119.658339,88.89965
2523,34.48974,-120.04692,7.9519043
1399,33.99636,-117.4924,3.8056564
423,32.67618,-115.48307,1.1174393
1326,33.78942,-117.22764,1.0604248
682,32.67618,-115.48307,14.868721
2065,34.10374,-117.62914,20.932938
896,34.38344,-118.5284,33.159508
1928,34.05977,-117.14731,4.8537292
1573,38.613779,-121.368014,5.8901443
1139,33.70853,-116.21537,9.245773
1752,38.613779,-121.368014,15.756386
2674,34.403052,-119.457914,0.27698517
2285,33.362593,-117.09023,1.083725
1568,38.494475,-121.211131,14.740555
2127,34.89398,-117.024804,3.793007
1269,33.78942,-117.22764,10.407455
407,32.67618,-115.48307,7.286049
3034,37.079379,-121.600031,13.140625
1150,33.70853,-116.21537,6.0222664
2427,32.845709,-117.123964,21.08165
2790,34.427775,-119.691218,17.408836
2949,37.079379,-121.600031,17.046986
751,33.79236,-118.17533,2.9092026
2373,32.842318,-116.768293,48.283096
658,32.67618,-115.48307,0.3498993
1136,33.70853,-116.21537,7.867588
2753,34.48974,-120.04692,4.421871
373,32.67618,-115.48307,1.5475807
2106,34.030833,-117.61722,6.4226913
1798,34.030833,-117.61722,1.6972809
646,32.67618,-115.48307,4.8174667
59,36.72639,-119.733,5.9226227
2916,37.338135,-121.849783,25.610245
1314,33.99636,-117.4924,10.220245
3196,37.348497,-121.894898,9.64077
637,32.67618,-115.48307,4.1402893
2456,33.362593,-117.09023,3.3700104
2104,34.030833,-117.61722,4.9358215
2977,37.338135,-121.849783,1.6787224
2063,34.10374,-117.62914,25.49614
892,34.38344,-118.5284,32.416763
1616,38.71209,-121.38109,3.1713371
1965,34.05977,-117.14731,7.400345
2473,33.362593,-117.09023,30.58564
2608,34.725352,-120.428717,5.460968
1970,34.05977,-117.14731,12.16655
3165,37.226862,-121.979675,29.401398
178,36.597442,-119.503659,13.406502
3169,37.348497,-121.894898,3.568283
1929,34.2431,-117.27235,17.873718
1800,34.030833,-117.61722,7.2976303
1051,33.901389,-118.205,5.688942
190,36.819449,-119.716433,22.310234
348,36.710833,-119.7775,42.025208
68,36.985119,-119.658339,9.888039
121,36.597442,-119.503659,11.552597
1104,33.447867,-117.088649,20.066902
2779,34.427775,-119.691218,4.136635
1216,33.70853,-116.21537,16.885376
179,36.597442,-119.503659,18.689865
1162,33.70853,-116.21537,4.875229
874,34.38344,-118.5284,5.7711945
2313,33.362593,-117.09023,8.893444
1148,33.70853,-116.21537,3.1490173
1211,33.572019,-116.063823,64.167915
2442,33.217055,-117.396177,18.537903
1536,38.613779,-121.368014,16.661476
1450,38.56844,-121.49311,7.2740173
2189,32.57816,-116.92135,2.0531769
1877,34.05977,-117.14731,11.789597
2806,34.48974,-120.04692,5.552601
960,34.14435,-117.85036,17.866013
2702,34.44551,-119.8284,12.634125
995,33.79236,-118.17533,12.081406
1023,33.859662,-118.200707,15.446564
36,36.710833,-119.7775,1.9842758
197,36.985119,-119.658339,8.072037
3018,37.079379,-121.600031,14.563873
1097,33.99636,-117.4924,9.927788
2741,34.54166,-119.79146,66.6295
2331,32.57816,-116.92135,27.35339
1759,38.613779,-121.368014,0.27937317
3108,37.348497,-121.894898,72.827614
1294,33.99636,-117.4924,36.479324
1684,38.56844,-121.49311,5.6162415
259,36.634225,-120.382331,0.046524048
1342,33.78942,-117.22764,8.870323
27,36.710833,-119.7775,11.603935
389,32.97833,-115.53917,27.889854
308,36.78538,-119.77321,5.6675224
346,36.710833,-119.7775,23.171555
1143,33.99636,-117.4924,15.802765
459,32.67618,-115.48307,1.4590683
274,36.597442,-119.503659,8.28632
104,36.597442,-119.503659,10.137527
969,34.14435,-117.85036,5.049118
1085,33.99636,-117.4924,11.745514
2911,37.338135,-121.849783,16.106735
276,36.597442,-119.503659,20.611908
2132,34.030833,-117.61722,9.732918
866,34.669739,-118.130511,3.0084229
3056,37.338135,-121.849783,10.153931
2600,34.48974,-120.04692,8.879963
728,33.859662,-118.200707,22.121384
719,33.859662,-118.200707,1.8041229
1034,33.79236,-118.17533,8.494789
2724,34.48974,-120.04692,1.6367435
2157,33.362593,-117.09023,6.39904
1198,33.99636,-117.4924,20.674026
526,32.67618,-115.48307,21.99514
679,32.67618,-115.48307,4.0966187
1917,34.05977,-117.14731,0.15245056
3116,37.338135,-121.849783,11.29744
829,34.19925,-118.53276,1.3879318
2742,34.44551,-119.8284,26.61499
1017,33.901389,-118.205,9.287888
2086,35.77417,-117.3714,7.075409
1078,33.99958,-117.41601,52.446587
2709,34.48974,-120.04692,2.834278
411,32.67618,-115.48307,19.84071
2298,33.362593,-117.09023,33.94358
1996,34.05977,-117.14731,16.491318
622,32.67618,-115.48307,1.0583916
2042,34.05977,-117.14731,3.24411
3218,37.338135,-121.849783,22.482586
1124,33.944713,-116.830074,10.780426
2800,34.54166,-119.79146,0.5291481
123,36.597442,-119.503659,9.140289
1164,33.70853,-116.21537,2.6286697
1353,33.99636,-117.4924,6.2868195
2638,34.403052,-119.457914,6.822197
576,32.67618,-115.48307,1.6170883
1934,34.05977,-117.14731,5.5642166
2763,34.942872,-120.435611,94.176544
905,34.38344,-118.5284,3.2201385
2618,34.725352,-120.428717,0.56521606
1349,33.99636,-117.4924,6.8985367
1071,33.99636,-117.4924,10.559753
1543,38.302591,-121.420838,24.744934
1470,38.494475,-121.211131,14.418373
2030,34.10374,-117.62914,15.819458
1656,38.56844,-121.49311,6.5787964
666,32.67618,-115.48307,9.15316
1494,38.613779,-121.368014,10.700829
2983,37.348497,-121.894898,8.771515
1328,33.99636,-117.4924,9.096329
2288,32.842318,-116.768293,7.1541443
2885,37.338135,-121.849783,25.324997
659,32.67618,-115.48307,16.30106
2993,36.999571,-121.574684,4.909294
860,34.38344,-118.5284,23.95784
2530,34.48974,-120.04692,8.922005
2087,34.05977,-117.14731,11.202042
2835,34.427775,-119.691218,6.204029
519,32.67618,-115.48307,2.734108
639,32.67618,-115.48307,28.251984
366,32.67618,-115.48307,4.2817993
2612,34.48974,-120.04692,2.0333595
1330,33.70853,-116.21537,0.68242645
3237,37.338135,-121.849783,4.946846
1432,38.613779,-121.368014,1.5726624
1214,33.99636,-117.4924,9.046509
994,33.901389,-118.205,29.534431
203,36.597442,-119.503659,4.9633484
1976,34.2431,-117.27235,13.323837
49,36.710833,-119.7775,20.480927
170,36.819449,-119.716433,13.290123
146,36.819449,-119.716433,10.039768
2597,34.403052,-119.457914,4.374016
2937,37.348497,-121.894898,24.03621
1508,38.71209,-121.38109,8.468491
442,32.67618,-115.48307,4.3412704
1066,33.99636,-117.4924,34.442055
1821,34.030833,-117.61722,9.773636
1157,33.70853,-116.21537,14.644295
1239,33.99636,-117.4924,15.991547
2249,33.362593,-117.09023,3.2859879
3174,37.348497,-121.894898,19.868515
541,32.67618,-115.48307,20.253693
729,33.859662,-118.200707,20.91146
2679,34.403052,-119.457914,1.139122
1790,34.030833,-117.61722,63.044662
1748,38.613779,-121.368014,17.815353
1753,38.613779,-121.368014,23.243202
2657,34.54166,-119.79146,3.1299553
1156,33.9397,-115.4108,2.8556252
1323,33.99636,-117.4924,25.282364
474,32.67618,-115.48307,23.435501
955,34.38344,-118.5284,18.106842
1592,38.613779,-121.368014,5.914139
330,36.78538,-119.77321,43.73413
3193,37.226862,-121.979675,39.41706
2445,33.362593,-117.09023,9.806747
979,34.19925,-118.53276,20.065086
626,32.67618,-115.48307,7.6793594
2772,34.54166,-119.79146,11.427132
755,33.859662,-118.200707,13.969749
904,34.38344,-118.5284,20.540512
2503,33.362593,-117.09023,35.794968
588,32.67618,-115.48307,13.6321335
2173,32.789565,-116.944308,31.22071
3150,36.999571,-121.574684,19.603203
1815,34.106678,-117.274063,7.81559
1529,38.302591,-121.420838,14.792236
332,36.710833,-119.7775,30.664978
206,36.985119,-119.658339,10.976944
781,34.181977,-118.363036,10.519608
2632,34.48974,-120.04692,5.678917
3044,37.226862,-121.979675,13.115036
1549,38.71209,-121.38109,8.378727
2609,34.725352,-120.428717,3.5856094
2711,34.54166,-119.79146,5.0253906
1234,33.92086,-116.85841,4.247154
3092,37.226862,-121.979675,14.881496
1714,38.56844,-121.49311,2.29187
1784,34.030833,-117.61722,3.4102936
1145,33.70853,-116.21537,4.657692
1093,33.85275,-116.54101,8.222832
1652,38.56844,-121.49311,38.34085
1194,33.99636,-117.4924,11.640907
2397,32.710177,-117.142665,21.585495
505,33.0325,-115.62361,15.126389
1848,35.1019,-115.7767,8.558346
723,33.859662,-118.200707,14.063705
2311,33.362593,-117.09023,7.0840836
2499,33.362593,-117.09023,22.928398
2698,34.427775,-119.691218,8.5421715
1463,38.613779,-121.368014,14.271576
1041,33.901389,-118.205,12.940491
290,36.819449,-119.716433,17.103989
171,36.597442,-119.503659,1.5033302
270,36.985119,-119.658339,28.493546
3204,37.338135,-121.849783,4.2759476
310,36.710833,-119.7775,16.230286
641,32.67618,-115.48307,9.499878
437,32.67618,-115.48307,10.424568
725,33.901389,-118.205,6.169327
2490,33.362593,-117.09023,22.440445
289,36.819449,-119.716433,58.546066
181,36.597442,-119.503659,7.962723
1355,33.99636,-117.4924,5.980171
252,36.985119,-119.658339,7.6019745
1888,34.05977,-117.14731,1.1381302
2164,32.57816,-116.92135,8.996719
2747,34.44551,-119.8284,14.060448
2185,32.57816,-116.92135,14.182556
48,36.710833,-119.7775,15.484322
0,36.710833,-119.7775,67.60684
741,34.181977,-118.363036,5.2090073
2418,32.845709,-117.123964,2.4513702
1256,33.78942,-117.22764,9.370728
323,36.710833,-119.7775,32.407722
1408,33.99636,-117.4924,29.820213
997,34.669739,-118.130511,11.763573
1356,33.583018,-117.072202,10.409058
2092,34.030833,-117.61722,4.830368
2924,37.338135,-121.849783,15.125381
97,36.985119,-119.658339,5.541481
548,32.67618,-115.48307,5.5295486
384,33.0325,-115.62361,15.269112
2257,32.789565,-116.944308,12.715042
840,34.38344,-118.5284,38.24314
2715,34.54166,-119.79146,6.387146
1747,38.613779,-121.368014,8.491882
657,32.67618,-115.48307,10.609009
1750,38.613779,-121.368014,26.724617
527,32.67618,-115.48307,31.120438
2220,32.710177,-117.142665,17.833828
2899,37.079379,-121.600031,13.697365
334,36.819449,-119.716433,49.470337
3063,37.338135,-121.849783,5.9600716
2943,37.079379,-121.600031,28.21148
90,36.597442,-119.503659,15.013054
320,36.78538,-119.77321,15.421829
3000,37.079379,-121.600031,17.183022
697,33.901389,-118.205,8.435242
2088,35.77417,-117.3714,0.2932434
2303,32.57816,-116.92135,12.82634
408,32.67618,-115.48307,4.9094467
2054,34.106678,-117.274063,16.634216
556,33.213611,-115.54528,6.2081184
1558,38.494475,-121.211131,15.3617325
2064,34.05977,-117.14731,28.19574
820,34.1326,-118.1272,10.77607
2984,36.999571,-121.574684,7.508171
2584,34.48974,-120.04692,9.113274
2773,34.54166,-119.79146,8.035904
2613,34.725352,-120.428717,9.417107
945,33.859662,-118.200707,6.1596527
2389,32.842318,-116.768293,33.202774
192,36.985119,-119.658339,9.987473
1875,35.1019,-115.7767,9.165283
1435,38.56844,-121.49311,7.0821075
924,34.14435,-117.85036,5.0174255
2267,32.789565,-116.944308,12.179947
1070,33.99636,-117.4924,5.950287
2180,32.57816,-116.92135,18.119476
1320,33.99636,-117.4924,47.66336
818,34.1326,-118.1272,3.8258438
3181,37.338135,-121.849783,6.4190063
1553,38.302591,-121.420838,8.990433
750,34.06659,-118.22688,7.4177246
2904,37.348497,-121.894898,9.729622
2893,37.338135,-121.849783,7.165573
2048,34.10374,-117.62914,6.256119
2380,33.362593,-117.09023,22.310371
1008,33.859662,-118.200707,15.340576
212,36.597442,-119.503659,5.195198
2227,32.842318,-116.768293,15.497253
1067,33.99958,-117.41601,43.058823
312,36.710833,-119.7775,21.942513
2335,32.842318,-116.768293,3.2206116
3013,37.348497,-121.894898,8.721195
602,32.67618,-115.48307,27.24736
2701,34.44551,-119.8284,11.349091
166,36.597442,-119.503659,4.2351837
2614,34.427775,-119.691218,3.5752106
1685,38.56844,-121.49311,26.980408
544,32.67618,-115.48307,6.6323547
2300,33.362593,-117.09023,5.504715
2686,34.54166,-119.79146,1.2340164
2823,34.48974,-120.04692,7.2139206
1550,38.613779,-121.368014,12.67524
2752,34.427775,-119.691218,4.142662
3198,37.338135,-121.849783,13.853264
1773,38.613779,-121.368014,5.439125
2322,33.362593,-117.09023,0.52666855
2604,34.725352,-120.428717,6.82922
2906,36.999571,-121.574684,14.302704
973,34.19925,-118.53276,27.15921
261,36.985119,-119.658339,14.299133
2545,34.48974,-120.04692,3.752884
1789,34.030833,-117.61722,29.901627
1997,34.05977,-117.14731,7.727417
3070,37.348497,-121.894898,9.173504
2209,33.362593,-117.09023,6.891941
307,36.710833,-119.7775,28.667114
800,34.14435,-117.85036,28.36148
3121,36.999571,-121.574684,16.971802
1137,33.70853,-116.21537,7.096054
1668,38.56844,-121.49311,81.39622
2295,32.842318,-116.768293,5.8878517
2195,33.362593,-117.09023,3.7751465
3096,37.338135,-121.849783,7.0923233
825,34.19925,-118.53276,4.4866943
2780,34.48974,-120.04692,1.3471603
196,36.597442,-119.503659,15.949009
2212,32.789565,-116.944308,14.689903
1158,33.99636,-117.4924,10.129845
1531,38.71209,-121.38109,9.705978
2098,34.030833,-117.61722,9.744858
360,32.67618,-115.48307,2.3588562
988,33.79236,-118.17533,16.72863
3007,37.079379,-121.600031,13.239872
2101,34.030833,-117.61722,7.519043
2599,34.48974,-120.04692,4.672592
2452,33.362593,-117.09023,23.500206
2443,32.842318,-116.768293,31.263603
716,33.859662,-118.200707,11.048782
2917,36.999571,-121.574684,11.5015335
3197,37.348497,-121.894898,2.0039825
2636,34.403052,-119.457914,0.845253
1378,33.99636,-117.4924,17.231415
2128,34.030833,-117.61722,27.791443
1013,33.901389,-118.205,21.471931
456,32.67618,-115.48307,4.118454
3028,37.079379,-121.600031,12.695679
1730,38.56844,-121.49311,2.0856018
2370,33.362593,-117.09023,24.340797
2404,32.57816,-116.92135,14.133781
1758,38.613779,-121.368014,5.1669617
1195,33.572019,-116.063823,45.17253
2930,37.338135,-121.849783,32.91697
454,32.67618,-115.48307,3.9557152
3054,36.999571,-121.574684,3.5858917
3171,36.999571,-121.574684,13.904411
58,36.985119,-119.658339,10.649979
67,36.985119,-119.658339,10.950169
3036,37.079379,-121.600031,3.526596
959,34.181977,-118.363036,12.591537
1580,38.302591,-121.420838,6.333206
17,36.710833,-119.7775,2.6637802
1340,33.99636,-117.4924,0.881073
2838,34.427775,-119.691218,10.783356
660,32.67618,-115.48307,5.178623
481,32.67618,-115.48307,12.931267
5,36.78538,-119.77321,18.476616
2294,32.842318,-116.768293,11.765945
3133,36.999571,-121.574684,2.3241158
1267,33.99958,-117.41601,0.7615967
1610,38.71209,-121.38109,11.147064
530,32.79222,-115.56306,26.538727
1235,33.85275,-116.54101,1.3589249
2235,33.362593,-117.09023,0.04650879
62,36.985119,-119.658339,11.566635
2728,34.942872,-120.435611,11.645428
12,36.78538,-119.77321,0.690567
1037,33.79236,-118.17533,2.351654
381,32.67618,-115.48307,23.160355
2433,32.842318,-116.768293,0.38184357
350,36.634225,-120.382331,1.7450027
2846,34.427775,-119.691218,6.0360413
1594,38.613779,-121.368014,0.29932404
2152,32.789565,-116.944308,19.182571
1808,35.77417,-117.3714,5.8868866
2337,33.362593,-117.09023,26.906479
1271,33.70853,-116.21537,7.016716
1208,33.70853,-116.21537,11.11377
1736,38.613779,-121.368014,34.409885
13,36.710833,-119.7775,1.829628
46,36.710833,-119.7775,17.32022
205,36.597442,-119.503659,5.286194
539,32.67618,-115.48307,8.133003
1782,34.030833,-117.61722,18.437523
1942,34.2431,-117.27235,6.2547455
394,32.67618,-115.48307,5.4599533
504,32.79222,-115.56306,0.47753143
778,34.1326,-118.1272,8.164246
444,32.67618,-115.48307,8.623947
277,36.841592,-119.874739,13.361626
218,36.597442,-119.503659,7.142067
2757,34.48974,-120.04692,16.771065
60,36.597442,-119.503659,15.751274
3033,36.999571,-121.574684,10.949909
2486,33.362593,-117.09023,35.827713
1270,33.70853,-116.21537,12.027847
1858,35.1019,-115.7767,11.503418
2260,32.842318,-116.768293,4.6740875
2689,34.942872,-120.435611,11.768829
1910,34.05977,-117.14731,5.023506
1347,33.56125,-116.153383,67.02817
676,32.67618,-115.48307,17.993301
449,32.67618,-115.48307,2.5970764
1410,33.99636,-117.4924,16.181889
2981,37.226862,-121.979675,12.423553
515,33.0325,-115.62361,5.1733284
3210,37.338135,-121.849783,5.139023
2517,34.48974,-120.04692,7.0248833
387,32.67618,-115.48307,12.535645
722,33.859662,-118.200707,16.771568
358,32.67618,-115.48307,26.356567
462,32.67618,-115.48307,11.151329
1776,34.106678,-117.274063,18.338257
2252,33.362593,-117.09023,5.7726974
3049,37.348497,-121.894898,6.062599
2543,34.48974,-120.04692,11.071007
3139,36.999571,-121.574684,16.790977
2740,34.942872,-120.435611,63.692604
953,34.1326,-118.1272,6.807495
3222,37.348497,-121.894898,9.6191635
1428,38.494475,-121.211131,9.786583
2544,34.403052,-119.457914,7.4729385
108,36.819449,-119.716433,19.7948
631,32.67618,-115.48307,1.605133
726,34.06659,-118.22688,6.155369
2131,34.06812,-117.52579,8.261398
2890,37.338135,-121.849783,32.55387
2349,33.362593,-117.09023,10.598198
2117,34.106678,-117.274063,15.5431595
753,34.1326,-118.1272,9.731689
1019,33.901389,-118.205,1.1719589
1337,33.99636,-117.4924,15.796814
1123,33.70853,-116.21537,7.834633
420,32.67618,-115.48307,6.106674
1739,38.613779,-121.368014,1.9351578
704,33.79236,-118.17533,2.5569077
948,34.181977,-118.363036,7.1428375
757,34.19925,-118.53276,9.455898
1792,34.06957,-116.38893,19.697807
204,36.597442,-119.503659,4.058037
1791,34.030833,-117.61722,25.27819
2246,32.710177,-117.142665,19.325195
2858,34.48974,-120.04692,6.647423
1507,38.613779,-121.368014,9.115448
1844,34.89398,-117.024804,14.251549
2083,34.030833,-117.61722,5.870102
2746,34.48974,-120.04692,4.54298
1814,34.030833,-117.61722,10.685287
563,32.67618,-115.48307,5.8802757
21,36.710833,-119.7775,20.24791
2238,33.362593,-117.09023,0.69602585
1890,34.10374,-117.62914,32.489944
460,32.67618,-115.48307,3.4486656
1110,33.70853,-116.21537,15.201958
422,32.67618,-115.48307,7.415863
2969,37.226862,-121.979675,8.599659
2068,34.05977,-117.14731,32.341705
616,32.67618,-115.48307,8.548683
3057,37.348497,-121.894898,22.029999
1376,33.99958,-117.41601,5.380806
1806,34.030833,-117.61722,10.191589
3058,37.338135,-121.849783,16.82293
2847,34.427775,-119.691218,0.65571594
2736,34.48974,-120.04692,8.828861
809,34.14435,-117.85036,9.133446
2798,34.54166,-119.79146,4.271179
1154,33.99636,-117.4924,13.528198
1577,38.71209,-121.38109,4.40522
148,36.597442,-119.503659,4.6382294
736,34.06659,-118.22688,14.8042145
1869,34.05977,-117.14731,3.6980133
370,32.67618,-115.48307,9.83213
35,36.72639,-119.733,8.861786
2469,33.362593,-117.09023,41.031837
3076,37.226862,-121.979675,10.593246
2328,33.362593,-117.09023,4.836281
2391,33.362593,-117.09023,27.472794
2538,34.725352,-120.428717,6.0630684
2737,34.54166,-119.79146,7.2730865
2606,34.427775,-119.691218,5.1457596
1165,33.70853,-116.21537,11.056145
1777,34.030833,-117.61722,7.2192
2012,34.05977,-117.14731,16.216095
1133,33.99636,-117.4924,8.586044
2809,34.725352,-120.428717,13.929642
687,33.859662,-118.200707,35.034195
1546,38.494475,-121.211131,14.379768
50,36.597442,-119.503659,9.880745
3014,37.348497,-121.894898,6.7578697
2512,34.44551,-119.8284,7.9801636
2097,34.030833,-117.61722,5.1660156
1756,38.613779,-121.368014,8.63385
1956,34.05977,-117.14731,14.753708
3135,36.999571,-121.574684,13.944332
2921,37.079379,-121.600031,14.7313385
2997,37.079379,-121.600031,13.747993
2957,37.226862,-121.979675,12.358646
2266,33.362593,-117.09023,1.5854416
2792,34.54166,-119.79146,2.344078
2272,33.362593,-117.09023,17.188927
375,32.67618,-115.48307,9.150757
3039,36.999571,-121.574684,6.235054
2147,33.362593,-117.09023,17.287643
789,34.181977,-118.363036,5.877487
2367,32.842318,-116.768293,17.070496
3074,37.338135,-121.849783,0.9881897
1613,38.71209,-121.38109,9.878418
469,32.67618,-115.48307,20.875214
1853,34.030833,-117.61722,10.869419
55,36.819449,-119.716433,10.975143
1369,33.99636,-117.4924,3.3868408
2639,34.605819,-120.075069,6.1292114
843,34.19925,-118.53276,12.231194
1396,33.99636,-117.4924,3.0511436
1945,34.06957,-116.38893,17.655922
516,32.67618,-115.48307,10.5016
1732,38.613779,-121.368014,8.826546
1893,34.05977,-117.14731,17.501831
769,34.1326,-118.1272,10.19722
2400,33.362593,-117.09023,21.478577
1029,33.859662,-118.200707,11.3270645
3136,37.338135,-121.849783,6.172104
1689,38.56844,-121.49311,14.733963
983,34.14435,-117.85036,3.343525
2265,33.362593,-117.09023,17.916367
75,36.985119,-119.658339,6.555683
491,32.67618,-115.48307,1.1537399
3042,37.079379,-121.600031,14.05698
2619,34.48974,-120.04692,3.8111763
702,34.01029,-118.0685,13.988922
300,36.819449,-119.716433,26.714012
2810,34.427775,-119.691218,11.389713
2541,34.403052,-119.457914,9.00132
568,32.67618,-115.48307,0.38336182
1395,33.99636,-117.4924,26.76847
3151,37.338135,-121.849783,11.0011215
2748,34.942872,-120.435611,5.6088486
361,32.67618,-115.48307,5.5990868
1807,34.030833,-117.61722,13.532387
2644,34.427775,-119.691218,1.5750427
1425,38.613779,-121.368014,6.3230896
2857,34.48974,-120.04692,6.409111
2186,32.57816,-116.92135,11.624245
2251,32.710177,-117.142665,13.774673
421,32.67618,-115.48307,8.642456
1715,38.56844,-121.49311,0.014808655
3094,37.338135,-121.849783,3.5233269
2440,33.362593,-117.09023,27.598148
1780,34.030833,-117.61722,22.517113
1958,34.05977,-117.14731,10.199089
1310,33.99958,-117.41601,18.917114
1535,38.613779,-121.368014,14.655296
1927,34.2431,-117.27235,6.3899155
2980,37.338135,-121.849783,4.067543
2308,33.362593,-117.09023,4.2017555
3110,37.338135,-121.849783,46.2956
643,32.67618,-115.48307,17.902344
1735,38.613779,-121.368014,42.56671
66,36.985119,-119.658339,8.960457
998,34.19925,-118.53276,8.812027
1304,33.99636,-117.4924,28.464401
436,32.67618,-115.48307,3.272606
2150,33.362593,-117.09023,8.394928
3068,37.338135,-121.849783,15.035507
2018,34.05977,-117.14731,0.67832947
810,34.14435,-117.85036,1.0850601
1443,38.613779,-121.368014,12.487556
2987,36.999571,-121.574684,9.006256
3220,37.338135,-121.849783,17.572056
467,32.67618,-115.48307,0.81398773
180,36.819449,-119.716433,14.2771
1222,33.70853,-116.21537,8.259186
1202,33.85275,-116.54101,12.593636
2939,37.079379,-121.600031,16.619957
1341,33.92086,-116.85841,8.164352
565,32.67618,-115.48307,15.407173
1485,38.494475,-121.211131,13.055527
1679,38.613779,-121.368014,28.669617
1952,34.05977,-117.14731,10.168961
2659,34.403052,-119.457914,0.79606247
790,34.669739,-118.130511,8.537453
85,36.634225,-120.382331,13.088535
2793,34.54166,-119.79146,6.9792557
536,32.67618,-115.48307,1.8118896
1860,35.1019,-115.7767,2.003418
2013,34.05977,-117.14731,4.2180176
3115,37.348497,-121.894898,8.473217
1710,38.56844,-121.49311,14.491013
2507,32.789565,-116.944308,13.353348
615,32.67618,-115.48307,4.326256
2887,37.079379,-121.600031,24.09053
2070,34.10002,-117.49201,21.226776
1488,38.613779,-121.368014,6.295624
152,36.819449,-119.716433,10.763382
2723,34.942872,-120.435611,9.4338
534,32.67618,-115.48307,0.77705383
3166,37.338135,-121.849783,23.906357
3073,37.226862,-121.979675,10.134117
2882,37.079379,-121.600031,20.922554
1775,38.593322,-121.503795,8.483791
1667,38.494475,-121.211131,84.66589
2999,36.999571,-121.574684,8.790955
1002,33.901389,-118.205,6.880081
511,32.67618,-115.48307,22.712524
2625,34.427775,-119.691218,2.727932
2430,32.842318,-116.768293,14.172821
824,34.1326,-118.1272,6.0846252
1491,38.613779,-121.368014,9.136936
2319,32.842318,-116.768293,5.3195953
2825,34.403052,-119.457914,10.850784
1662,38.71209,-121.38109,12.726547
2658,34.403052,-119.457914,4.744137
508,32.67618,-115.48307,5.6674194
2455,33.362593,-117.09023,7.2324257
1434,38.613779,-121.368014,36.822945
632,32.67618,-115.48307,18.712189
3055,37.338135,-121.849783,1.1689262
703,34.181977,-118.363036,21.612907
605,32.67618,-115.48307,14.65406
2762,34.63782,-120.4575,86.057144
1653,38.56844,-121.49311,1.3044434
915,34.669739,-118.130511,49.932037
2237,33.362593,-117.09023,11.14521
1444,38.56844,-121.49311,1.1859474
147,36.597442,-119.503659,7.6701508
759,33.859662,-118.200707,14.126297
651,32.67618,-115.48307,10.183144
1741,38.613779,-121.368014,0.4254837
2799,34.54166,-119.79146,1.8657494
681,32.67618,-115.48307,5.2247314
3225,36.999571,-121.574684,31.317001
2968,37.226862,-121.979675,14.248806
1872,35.1019,-115.7767,3.7428932
2407,33.362593,-117.09023,13.652016
175,36.710833,-119.7775,15.795853
1674,38.494475,-121.211131,6.596863
1168,33.99636,-117.4924,5.7250366
1345,33.92086,-116.85841,0.30814362
2506,33.362593,-117.09023,7.3558273
2463,32.57816,-116.92135,3.7511063
1295,33.99958,-117.41601,13.788559
3235,37.338135,-121.849783,10.024082
1191,33.56125,-116.153383,34.199585
3060,37.338135,-121.849783,17.084679
3143,36.999571,-121.574684,3.6936607
859,34.06703,-117.7514,6.0326996
2574,34.48974,-120.04692,5.428814
154,36.985119,-119.658339,7.757435
3011,36.999571,-121.574684,9.883293
2826,34.427775,-119.691218,5.9716034
2844,34.427775,-119.691218,8.496651
1442,38.613779,-121.368014,17.565506
2488,33.362593,-117.09023,32.62532
1182,33.92086,-116.85841,22.460388
2561,34.48974,-120.04692,2.8801231
1322,33.99636,-117.4924,6.4441757
744,33.859662,-118.200707,14.703529
932,34.38344,-118.5284,46.191025
1384,33.99636,-117.4924,4.932934
1913,34.05977,-117.14731,8.908005
3232,37.338135,-121.849783,16.315773
16,36.78538,-119.77321,2.3144379
1578,38.494475,-121.211131,7.2219543
2214,32.710177,-117.142665,14.929169
2277,32.57816,-116.92135,5.931137
1077,33.99636,-117.4924,15.077259
777,34.1326,-118.1272,6.110794
2637,34.54166,-119.79146,1.9369507
2705,34.54166,-119.79146,1.3370972
236,36.819449,-119.716433,20.040695
2631,34.48974,-120.04692,1.5367508
2203,33.362593,-117.09023,1.3141861
2159,32.789565,-116.944308,22.113625
2497,33.362593,-117.09023,5.838707
1462,38.613779,-121.368014,13.228233
2225,32.842318,-116.768293,17.354332
2358,33.362593,-117.09023,17.631256
1868,34.06957,-116.38893,10.073471
1114,33.70853,-116.21537,6.5057297
2731,34.48974,-120.04692,1.4475441
2521,34.403052,-119.457914,4.5812836
3016,37.348497,-121.894898,8.138863
3138,37.338135,-121.849783,3.5804253
2862,34.48974,-120.04692,8.394806
1963,34.4251,-117.5898,8.667648
2256,32.789565,-116.944308,16.647095
2492,33.362593,-117.09023,3.8015137
1886,35.1019,-115.7767,0.007930756
1993,34.2431,-117.27235,2.7171326
1344,33.85275,-116.54101,6.921997
1318,33.78942,-117.22764,3.3680573
3103,36.999571,-121.574684,8.316975
57,36.985119,-119.658339,14.840576
371,32.67618,-115.48307,14.299416
1153,33.70853,-116.21537,8.195217
83,36.597442,-119.503659,11.303581
871,34.14435,-117.85036,20.27208
1576,38.613779,-121.368014,8.4935
844,34.181977,-118.363036,7.098358
65,36.985119,-119.658339,11.043968
2603,34.605819,-120.075069,8.079506
2673,34.403052,-119.457914,2.527893
63,36.985119,-119.658339,6.991459
2247,32.789565,-116.944308,24.522331
2143,33.362593,-117.09023,10.285164
2864,34.427775,-119.691218,11.326767
1571,38.593322,-121.503795,96.28278
644,32.67618,-115.48307,9.25
2567,34.942872,-120.435611,2.20253
2745,34.403052,-119.457914,3.288208
2026,34.510961,-117.32554,27.842972
485,32.67618,-115.48307,13.404724
3019,37.079379,-121.600031,20.448776
2848,34.427775,-119.691218,2.7081795
9,36.78538,-119.77321,2.167282
3167,37.348497,-121.894898,26.32026
1174,33.70853,-116.21537,14.5153885
3195,37.338135,-121.849783,25.652302
2743,34.942872,-120.435611,30.182388
465,32.67618,-115.48307,6.558693
3213,36.999571,-121.574684,22.594467
3201,37.348497,-121.894898,11.435516
3219,37.079379,-121.600031,28.085266
140,36.985119,-119.658339,5.217247
1448,38.494475,-121.211131,4.0162544
2359,33.362593,-117.09023,17.80317
1296,33.78942,-117.22764,18.584618
2569,34.48974,-120.04692,5.2906647
1206,33.944713,-116.830074,3.6138916
383,32.67618,-115.48307,3.809311
1367,33.99636,-117.4924,10.998993
45,36.710833,-119.7775,5.5251465
193,36.819449,-119.716433,15.438927
2621,34.427775,-119.691218,0.96530914
742,33.859662,-118.200707,7.200035
1455,38.494475,-121.211131,6.54615
2126,34.510961,-117.32554,21.961975
1471,38.56844,-121.49311,13.40271
1486,38.302591,-121.420838,15.225258
978,34.38344,-118.5284,23.515915
489,32.67618,-115.48307,1.254837
1439,38.56844,-121.49311,35.371902
2179,32.57816,-116.92135,20.867836
2448,32.842318,-116.768293,7.635025
506,32.67618,-115.48307,0.9327011
92,36.78538,-119.77321,3.7363281
2107,34.030833,-117.61722,21.08017
1476,38.494475,-121.211131,6.8664474
693,33.859662,-118.200707,19.535034
2261,33.362593,-117.09023,7.1856155
1990,34.05977,-117.14731,6.498596
345,36.710833,-119.7775,29.572948
2886,37.226862,-121.979675,33.13428
23,36.634225,-120.382331,14.255825
3208,37.348497,-121.894898,7.248436
891,34.38344,-118.5284,14.014694
440,32.67618,-115.48307,0.017765045
1357,33.99636,-117.4924,10.159142
472,32.67618,-115.48307,15.227692
951,34.38344,-118.5284,15.597305
1212,33.99636,-117.4924,11.173809
2221,32.842318,-116.768293,19.346981
2361,33.362593,-117.09023,0.122924805
1762,38.683304,-121.164457,12.211586
1091,33.99636,-117.4924,6.7818985
37,36.78538,-119.77321,4.8634033
129,36.819449,-119.716433,10.367989
2665,34.605819,-120.075069,0.40676498
216,36.819449,-119.716433,11.89386
3106,36.999571,-121.574684,31.928783
2791,34.403052,-119.457914,4.1767044
138,36.597442,-119.503659,5.104538
779,33.859662,-118.200707,9.634525
833,34.14435,-117.85036,27.074677
2144,33.362593,-117.09023,4.8033447
3123,37.079379,-121.600031,58.36238
275,36.705474,-119.741332,10.451904
2105,34.030833,-117.61722,17.383598
3212,37.338135,-121.849783,4.926468
1118,33.99636,-117.4924,7.565048
2198,33.362593,-117.09023,10.261433
3172,37.338135,-121.849783,9.082733
1217,33.56125,-116.153383,3.1088486
1517,38.613779,-121.368014,7.201042
1964,34.05977,-117.14731,7.948715
1005,34.181977,-118.363036,0.0013580322
2408,33.362593,-117.09023,3.9958115
231,36.597442,-119.503659,31.1324
752,34.06659,-118.22688,1.2049484
596,32.67618,-115.48307,29.033356
613,32.67618,-115.48307,13.35022
2856,34.54166,-119.79146,4.1530037
283,36.985119,-119.658339,11.002075
1654,38.613779,-121.368014,17.697372
344,36.819449,-119.716433,38.236572
3159,37.338135,-121.849783,30.259079
2233,32.57816,-116.92135,4.376663
617,32.67618,-115.48307,45.06411
1228,33.85275,-116.54101,17.262344
754,34.1326,-118.1272,9.784485
2749,34.54166,-119.79146,2.5385094
2551,34.48974,-120.04692,10.584042
3164,37.338135,-121.849783,36.501328
1607,38.613779,-121.368014,12.814827
52,36.710833,-119.7775,6.8983
2356,33.362593,-117.09023,25.697945
1363,33.99636,-117.4924,2.9117622
1763,38.56844,-121.49311,11.906555
2038,35.1019,-115.7767,6.8058167
1625,38.613779,-121.368014,8.519962
2982,37.226862,-121.979675,12.410568
2333,32.842318,-116.768293,18.211182
1083,33.92086,-116.85841,16.60379
44,36.72639,-119.733,0.65989685
2694,34.427775,-119.691218,24.96405
1608,38.613779,-121.368014,13.584175
1250,33.78942,-117.22764,15.9729
72,36.985119,-119.658339,8.154762
457,32.67618,-115.48307,3.9613914
1837,34.05977,-117.14731,16.164627
552,32.67618,-115.48307,11.055908
2739,34.54166,-119.79146,70.59042
1599,38.71209,-121.38109,11.738701
2533,34.427775,-119.691218,0.8243866
351,36.78538,-119.77321,0.91031647
162,36.597442,-119.503659,11.959484
2605,34.48974,-120.04692,6.535164
2961,37.348497,-121.894898,3.5436592
1201,33.944713,-116.830074,14.468185
3211,37.348497,-121.894898,3.3626938
198,36.597442,-119.503659,4.054474
2722,34.427775,-119.691218,6.9867706
2758,34.942872,-120.435611,19.676075
2259,33.362593,-117.09023,3.1941376
2196,33.362593,-117.09023,4.5828476
989,34.05111,-118.45636,4.630081
2376,33.362593,-117.09023,37.872593
1218,33.70853,-116.21537,5.198303
374,32.67618,-115.48307,3.730423
785,33.859662,-118.200707,2.00589
2552,34.427775,-119.691218,2.7538528
584,32.67618,-115.48307,4.2841263
1243,33.78942,-117.22764,1.7818756
1620,38.71209,-121.38109,6.947338
2425,33.362593,-117.09023,58.279587
1560,38.613779,-121.368014,28.912033
479,32.67618,-115.48307,2.3757782
2774,34.54166,-119.79146,11.818634
1537,38.71209,-121.38109,3.9844475
1835,34.05977,-117.14731,13.921165
841,34.14435,-117.85036,9.102463
977,34.19925,-118.53276,10.832245
875,34.14435,-117.85036,14.898514
2564,34.725352,-120.428717,10.544067
1366,33.99636,-117.4924,4.624298
477,32.67618,-115.48307,16.965897
1856,35.1019,-115.7767,13.568771
645,32.67618,-115.48307,7.194641
1914,34.06957,-116.38893,0.7317581
396,32.67618,-115.48307,3.5503654
1995,34.05977,-117.14731,12.469345
2841,34.48974,-120.04692,5.973301
930,34.14435,-117.85036,21.115356
2622,34.942872,-120.435611,1.29953
1457,38.56844,-121.49311,0.9442291
1303,33.99636,-117.4924,14.049187
2396,32.57816,-116.92135,28.723679
713,33.859662,-118.200707,11.258942
1047,33.901389,-118.205,45.925934
1141,33.70853,-116.21537,2.129013
2292,33.362593,-117.09023,1.2589188
3006,37.079379,-121.600031,14.310276
2199,32.57816,-116.92135,10.937073
331,36.78538,-119.77321,46.264343
1171,33.944713,-116.830074,7.284958
889,34.38344,-118.5284,40.24881
142,36.597442,-119.503659,12.957481
562,32.67618,-115.48307,0.68188477
1393,33.99636,-117.4924,9.697807
2062,34.05977,-117.14731,5.2555237
929,34.14435,-117.85036,17.0719
2071,34.05977,-117.14731,1.9878235
2039,34.10374,-117.62914,0.26631165
3163,37.079379,-121.600031,34.63112
3072,37.348497,-121.894898,10.044762
117,36.819449,-119.716433,21.217957
694,33.859662,-118.200707,11.668404
1863,35.1019,-115.7767,0.21704102
1874,35.1019,-115.7767,6.835575
2258,32.789565,-116.944308,11.302612
2675,34.942872,-120.435611,4.749069
2850,34.63782,-120.4575,7.0515366
2892,37.338135,-121.849783,3.5320053
82,36.819449,-119.716433,9.006153
1065,33.99636,-117.4924,15.467449
1813,34.030833,-117.61722,20.899178
1424,38.613779,-121.368014,5.8165207
675,32.67618,-115.48307,12.422485
1398,33.583018,-117.072202,6.5362587
2633,34.48974,-120.04692,1.2861938
1018,33.901389,-118.205,19.617897
2323,32.789565,-116.944308,2.4704704
32,36.710833,-119.7775,14.288361
2822,34.48974,-120.04692,13.559471
2069,34.05977,-117.14731,28.705101
2767,34.942872,-120.435611,43.066864
627,32.67618,-115.48307,0.17601776
2602,34.403052,-119.457914,2.0339584
2962,37.079379,-121.600031,15.284348
2138,34.06957,-116.38893,7.5814056
2081,34.030833,-117.61722,11.3385315
1460,38.613779,-121.368014,3.6147308
168,36.819449,-119.716433,21.517563
100,36.597442,-119.503659,5.049034
395,32.67618,-115.48307,11.586945
11,36.78538,-119.77321,9.172989
435,32.67618,-115.48307,2.845192
797,34.181977,-118.363036,6.505001
2610,34.725352,-120.428717,1.3741608
1645,38.302591,-121.420838,32.8992
1841,34.030833,-117.61722,4.779709
2713,34.403052,-119.457914,4.3193626
1744,38.613779,-121.368014,33.148468
1418,38.613779,-121.368014,23.3003
1412,33.9397,-115.4108,8.5065155
714,33.859662,-118.200707,5.331024
157,36.597442,-119.503659,11.449829
1809,35.77417,-117.3714,9.552429
2547,34.403052,-119.457914,6.2301407
788,34.1326,-118.1272,16.711716
1213,33.447867,-117.088649,2.2339783
2874,37.338135,-121.849783,4.5111313
15,36.72639,-119.733,13.205917
2262,32.842318,-116.768293,0.515213
1327,33.99636,-117.4924,2.6082306
2219,32.842318,-116.768293,17.18475
3217,37.338135,-121.849783,23.985847
1385,33.67649,-117.33098,2.9950256
2836,34.427775,-119.691218,4.344879
432,32.67618,-115.48307,9.948891
356,32.67618,-115.48307,17.78981
1113,33.56125,-116.153383,27.299522
498,32.67618,-115.48307,25.305862
3040,37.079379,-121.600031,6.01474
1754,38.613779,-121.368014,4.963608
766,34.1326,-118.1272,11.77647
1717,38.613779,-121.368014,9.011932
2094,34.106678,-117.274063,1.7542801
1039,33.901389,-118.205,21.786896
1686,38.613779,-121.368014,9.677521
2642,34.427775,-119.691218,1.0230865
2462,33.362593,-117.09023,3.9310074
2317,32.842318,-116.768293,2.001957
199,36.985119,-119.658339,1.6952438
1231,33.70853,-116.21537,25.277802
397,32.67618,-115.48307,12.114517
2362,33.362593,-117.09023,2.248581
1597,38.613779,-121.368014,7.9396667
1749,38.613779,-121.368014,19.6221
327,36.710833,-119.7775,4.4029236
807,34.14435,-117.85036,35.747513
1375,33.99636,-117.4924,10.20488
1420,38.613779,-121.368014,4.9991035
1307,33.99958,-117.41601,14.133011
2611,34.725352,-120.428717,0.6071434
890,34.38344,-118.5284,27.259567
1852,35.1019,-115.7767,8.8974
209,36.985119,-119.658339,15.187653
1712,38.56844,-121.49311,13.925125
683,32.67618,-115.48307,5.1345215
1048,34.06659,-118.22688,4.4857407
575,32.67618,-115.48307,0.7743759
756,34.1326,-118.1272,14.721523
1074,33.99636,-117.4924,8.132484
2346,33.362593,-117.09023,8.851105
2652,34.427775,-119.691218,5.9952164
2424,33.362593,-117.09023,39.668777
2145,32.789565,-116.944308,15.442665
1407,33.99636,-117.4924,3.5143127
2579,34.725352,-120.428717,8.318466
471,32.67618,-115.48307,20.406494
126,36.597442,-119.503659,12.593826
949,34.14435,-117.85036,22.23796
1430,38.494475,-121.211131,12.509209
98,36.72639,-119.733,3.8732529
195,36.985119,-119.658339,2.3978424
1766,38.683304,-121.164457,13.569271
3086,36.999571,-121.574684,10.849846
364,32.67618,-115.48307,2.8277702
1581,38.613779,-121.368014,4.8559875
2451,32.57816,-116.92135,23.416077
1387,33.99958,-117.41601,18.301102
2671,34.48974,-120.04692,1.4152527
2324,33.362593,-117.09023,7.05529
2935,37.079379,-121.600031,10.62949
1223,33.85275,-116.54101,5.514923
3059,36.999571,-121.574684,12.810837
2580,34.725352,-120.428717,6.250534
2061,34.05977,-117.14731,0.14203644
3004,37.348497,-121.894898,12.677567
1374,33.99636,-117.4924,34.42063
1992,34.05977,-117.14731,8.467407
409,32.67618,-115.48307,2.0192032
884,34.14435,-117.85036,18.322647
478,32.67618,-115.48307,5.6216583
3178,37.338135,-121.849783,45.064438
2750,34.403052,-119.457914,3.325058
1864,34.05977,-117.14731,12.032486
1909,34.05977,-117.14731,6.781479
2326,33.362593,-117.09023,0.25696182
2693,34.942872,-120.435611,52.73106
2446,32.845709,-117.123964,12.431068
1566,38.613779,-121.368014,8.415367
51,36.710833,-119.7775,1.9336472
1360,33.56125,-116.153383,98.93366
2788,34.427775,-119.691218,14.151756
3051,37.226862,-121.979675,3.689743
2615,34.427775,-119.691218,2.1576042
1130,33.67649,-117.33098,13.241589
986,34.14435,-117.85036,39.942596
1381,33.99636,-117.4924,1.6926804
638,32.67618,-115.48307,18.479599
3071,37.226862,-121.979675,10.918861
496,32.67618,-115.48307,13.202042
1737,38.613779,-121.368014,11.830132
3067,36.999571,-121.574684,8.093971
3203,37.338135,-121.849783,10.057861
1053,33.99636,-117.4924,11.730103
1615,38.71209,-121.38109,6.0512238
1433,38.613779,-121.368014,22.960632
155,36.597442,-119.503659,5.6434784
1003,33.859662,-118.200707,2.4488907
1030,33.859662,-118.200707,4.5233
2721,34.54166,-119.79146,11.299015
2149,32.57816,-116.92135,15.392914
1252,33.92086,-116.85841,7.2062836
903,34.38344,-118.5284,36.209106
2683,34.54166,-119.79146,0.28881073
581,32.67618,-115.48307,10.285568
1052,33.901389,-118.205,55.786842
1117,33.99636,-117.4924,7.729088
2056,34.05977,-117.14731,5.8556976
1524,38.613779,-121.368014,10.490627
2355,32.842318,-116.768293,21.238121
2908,37.338135,-121.849783,10.994568
1134,33.70853,-116.21537,9.920937
2122,34.510961,-117.32554,90.44529
3023,37.348497,-121.894898,14.784462
1612,38.71209,-121.38109,8.713043
1504,38.613779,-121.368014,9.519569
2915,37.348497,-121.894898,20.703865
2435,33.362593,-117.09023,24.932117
1276,33.78942,-117.22764,0.028167725
295,36.985119,-119.658339,20.659683
1518,38.613779,-121.368014,11.332268
2681,34.403052,-119.457914,1.2982483
2278,32.842318,-116.768293,6.9291763
982,34.14435,-117.85036,6.67305
739,34.1326,-118.1272,12.116409
2585,34.48974,-120.04692,8.259697
1675,38.494475,-121.211131,13.779747
540,32.79222,-115.56306,3.6829453
313,36.710833,-119.7775,10.26767
1105,33.56125,-116.153383,3.9884949
301,36.985119,-119.658339,12.98584
329,36.78538,-119.77321,13.532562
399,32.67618,-115.48307,2.0012207
2248,32.842318,-116.768293,10.244476
1015,34.181977,-118.363036,3.7692108
2080,34.030833,-117.61722,15.120712
1031,33.901389,-118.205,1.8452759
691,33.901389,-118.205,28.406822
1539,38.494475,-121.211131,18.005386
614,32.67618,-115.48307,0.9749756
580,32.67618,-115.48307,10.207603
347,36.819449,-119.716433,25.273087
2342,33.362593,-117.09023,0.60692596
3145,37.338135,-121.849783,26.645386
507,32.67618,-115.48307,3.473915
115,36.597442,-119.503659,6.36705
492,32.67618,-115.48307,22.433563
595,32.67618,-115.48307,3.4680595
201,36.819449,-119.716433,26.762436
2472,33.362593,-117.09023,27.177979
901,34.38344,-118.5284,29.16211
2301,32.57816,-116.92135,21.195229
2223,33.217055,-117.396177,18.184639
2419,33.362593,-117.09023,7.824234
1373,33.99636,-117.4924,17.901413
1490,38.302591,-121.420838,7.761402
1788,34.10002,-117.49201,11.7022705
2787,34.427775,-119.691218,11.788139
1624,38.71209,-121.38109,0.87457275
2525,34.48974,-120.04692,2.92762
500,32.67618,-115.48307,1.0597267
2795,34.427775,-119.691218,1.6658974
1530,38.613779,-121.368014,18.200787
857,34.38344,-118.5284,11.418671
2775,34.48974,-120.04692,4.671459
278,36.819449,-119.716433,19.678848
1706,38.302591,-121.420838,12.786396
1716,38.56844,-121.49311,1.151619
972,34.14435,-117.85036,6.005371
1259,33.99636,-117.4924,11.212471
2967,37.079379,-121.600031,12.452614
607,32.97833,-115.53917,36.274315
711,34.06659,-118.22688,29.382729
1765,38.56844,-121.49311,25.255219
2478,33.362593,-117.09023,2.8635254
54,36.710833,-119.7775,10.665421
2771,34.54166,-119.79146,1.4918785
2067,34.05977,-117.14731,18.041214
2016,34.05977,-117.14731,4.648712
318,36.78538,-119.77321,16.283524
1889,34.05977,-117.14731,22.944092
2624,34.427775,-119.691218,4.904728
447,32.67618,-115.48307,15.57592
1140,33.70853,-116.21537,9.803291
2590,34.403052,-119.457914,5.288212
452,32.67618,-115.48307,1.6229668
885,34.14435,-117.85036,45.108185
1720,38.56844,-121.49311,11.79142
517,32.67618,-115.48307,2.7493439
1144,33.70853,-116.21537,0.4879074
1733,38.71209,-121.38109,11.536232
1854,35.1019,-115.7767,6.248001
1232,33.56125,-116.153383,63.13566
488,32.67618,-115.48307,14.158501
2801,34.44551,-119.8284,4.12817
2687,34.403052,-119.457914,0.37237167
1049,33.901389,-118.205,2.921814
582,32.67618,-115.48307,3.0952606
671,32.67618,-115.48307,7.5700684
1794,34.030833,-117.61722,11.2237625
1187,33.70853,-116.21537,10.577843
2842,34.427775,-119.691218,1.4988213
2803,34.427775,-119.691218,2.703804
529,32.67618,-115.48307,0.73114014
1891,34.10374,-117.62914,8.112442
520,32.67618,-115.48307,1.6872177
1700,38.593322,-121.503795,13.494694
2655,34.605819,-120.075069,0.15907288
137,36.597442,-119.503659,2.6661072
2879,37.338135,-121.849783,19.728142
2130,34.510961,-117.32554,14.7780075
230,36.819449,-119.716433,31.70346
2398,33.362593,-117.09023,64.535126
1246,33.99958,-117.41601,8.275925
1505,38.613779,-121.368014,7.282196
851,34.14435,-117.85036,4.0294647
559,33.213611,-115.54528,2.1598434
2738,34.54166,-119.79146,42.23284
2236,33.362593,-117.09023,9.622063
2927,37.079379,-121.600031,10.75396
4,36.78538,-119.77321,18.533184
2411,32.842318,-116.768293,16.74849
1204,33.70853,-116.21537,8.191635
993,34.19925,-118.53276,4.6573944
1405,33.99636,-117.4924,0.14881897
106,36.597442,-119.503659,9.9784775
1254,33.92086,-116.85841,5.7338867
2154,33.362593,-117.09023,19.9888
2177,32.57816,-116.92135,21.259098
2484,32.57816,-116.92135,27.91661
174,36.819449,-119.716433,19.141281
1000,33.859662,-118.200707,3.4446373
2863,34.48974,-120.04692,5.931183
2495,33.362593,-117.09023,8.326187
3101,37.079379,-121.600031,19.162483
1464,38.56844,-121.49311,2.7522888
262,36.985119,-119.658339,34.441727
2861,34.427775,-119.691218,3.8089523
273,36.985119,-119.658339,12.8284645
2168,33.362593,-117.09023,23.608719
3194,37.079379,-121.600031,25.353783
2036,34.106678,-117.274063,8.516312
391,32.67618,-115.48307,15.125153
1862,35.1019,-115.7767,9.262802
306,36.710833,-119.7775,22.654861
3029,37.348497,-121.894898,6.058258
1521,38.613779,-121.368014,10.227425
816,34.38344,-118.5284,16.743881
2217,33.217055,-117.396177,18.003925
402,32.67618,-115.48307,20.757797
1648,38.494475,-121.211131,12.340164
2589,34.427775,-119.691218,8.126671
731,34.181977,-118.363036,12.482109
285,36.985119,-119.658339,33.638268
47,36.78538,-119.77321,18.718544
2037,34.05977,-117.14731,1.545517
894,34.06703,-117.7514,41.77855
794,34.06703,-117.7514,9.497383
2595,34.403052,-119.457914,8.33886
1334,33.67649,-117.33098,0.10903168
1871,35.1019,-115.7767,3.0736504
282,36.985119,-119.658339,25.909698
3216,37.348497,-121.894898,2.7097626
378,32.67618,-115.48307,16.25888
2263,32.842318,-116.768293,8.489677
1069,33.92086,-116.85841,11.498375
127,36.985119,-119.658339,5.9709435
2273,33.362593,-117.09023,1.2968674
1493,38.302591,-121.420838,15.572067
2676,34.942872,-120.435611,3.5037994
1220,33.70853,-116.21537,18.616226
412,32.67618,-115.48307,14.547386
1,36.78538,-119.77321,44.106773
2688,34.942872,-120.435611,1.3695602
1755,38.593322,-121.503795,0.94413376
1622,38.613779,-121.368014,9.566826
938,34.669739,-118.130511,80.4511
1391,33.583018,-117.072202,0.7528267
583,32.67618,-115.48307,3.7942429
2321,33.362593,-117.09023,15.291985
532,32.67618,-115.48307,7.3983
1159,33.70853,-116.21537,1.0941238
382,32.67618,-115.48307,6.693882
608,32.67618,-115.48307,25.279404
523,32.67618,-115.48307,4.363983
3097,37.226862,-121.979675,12.752861
1711,38.613779,-121.368014,6.6396713
2690,34.403052,-119.457914,3.378151
2923,37.338135,-121.849783,18.026459
1538,38.613779,-121.368014,14.336952
2818,34.942872,-120.435611,8.514381
1365,33.99636,-117.4924,8.560532
1867,34.2431,-117.27235,2.1686172
211,36.597442,-119.503659,5.0085526
1004,33.859662,-118.200707,2.0201569
786,34.1326,-118.1272,14.518681
3085,37.079379,-121.600031,8.270222
2524,34.48974,-120.04692,8.356918
1704,38.56844,-121.49311,19.11438
2542,34.48974,-120.04692,11.174896
2028,34.106678,-117.274063,17.272316
1729,38.613779,-121.368014,2.1564407
849,34.14435,-117.85036,14.8862
2971,37.226862,-121.979675,17.00135
823,34.14435,-117.85036,18.413437
145,36.597442,-119.503659,13.929634
1818,34.030833,-117.61722,7.001045
3173,37.348497,-121.894898,4.177925
141,36.985119,-119.658339,4.199806
2570,34.48974,-120.04692,6.623955
817,34.1326,-118.1272,2.896408
2491,33.362593,-117.09023,23.665024
1492,38.302591,-121.420838,9.605747
1627,38.71209,-121.38109,5.046589
2963,37.079379,-121.600031,7.7210617
1257,33.944713,-116.830074,2.7540588
717,33.859662,-118.200707,9.818802
1614,38.613779,-121.368014,15.610878
776,34.1326,-118.1272,12.969307
653,32.67618,-115.48307,2.3888092
773,33.859662,-118.200707,12.295494
1379,33.99636,-117.4924,11.6426735
1200,33.944713,-116.830074,7.6426697
84,36.597442,-119.503659,8.054672
1061,33.99636,-117.4924,7.0659485
3077,37.348497,-121.894898,12.531937
1774,38.56844,-121.49311,2.703331
579,32.79222,-115.56306,8.593765
601,32.67618,-115.48307,2.0919647
1382,33.99636,-117.4924,7.833023
663,32.67618,-115.48307,2.9655457
698,33.901389,-118.205,10.752029
2536,34.48974,-120.04692,7.1700096
176,36.597442,-119.503659,5.2317886
1258,33.944713,-116.830074,28.510132
628,33.0325,-115.62361,0.37812805
1006,33.901389,-118.205,10.654221
1682,38.71209,-121.38109,10.509052
2476,33.362593,-117.09023,2.0578003
1449,38.613779,-121.368014,3.0043602
3170,37.348497,-121.894898,10.837448
227,36.985119,-119.658339,10.538803
1160,33.70853,-116.21537,2.3873901
1480,38.613779,-121.368014,6.1646233
28,36.78538,-119.77321,0.23018646
3093,37.338135,-121.849783,9.053963
1981,34.05977,-117.14731,5.8271027
1319,33.67649,-117.33098,11.258705
603,32.67618,-115.48307,30.670181
594,32.67618,-115.48307,3.8064919
1584,38.494475,-121.211131,16.911644
1595,38.302591,-121.420838,4.516464
322,36.78538,-119.77321,15.328598
3095,37.226862,-121.979675,10.602043
2647,34.48974,-120.04692,2.5353699
1688,38.593322,-121.503795,6.5811157
2946,37.338135,-121.849783,4.5056915
3069,37.338135,-121.849783,6.467003
2910,37.348497,-121.894898,16.809921
2704,34.54166,-119.79146,2.7320824
1673,38.494475,-121.211131,3.279831
2306,32.57816,-116.92135,11.608448
1633,38.71209,-121.38109,5.501751
3091,37.338135,-121.849783,9.8887825
856,34.38344,-118.5284,2.5513306
1215,33.92086,-116.85841,17.458313
2392,33.362593,-117.09023,56.40837
2296,32.842318,-116.768293,8.784584
2287,33.362593,-117.09023,8.9770355
3003,37.338135,-121.849783,14.905731
1036,33.901389,-118.205,20.364273
2849,34.942872,-120.435611,0.4023056
2240,32.710177,-117.142665,14.426479
215,36.819449,-119.716433,5.6382904
2413,32.842318,-116.768293,8.9011
3083,37.079379,-121.600031,9.963425
185,36.985119,-119.658339,7.1371613
1423,38.613779,-121.368014,7.480545
2467,32.57816,-116.92135,13.576309
2136,34.106678,-117.274063,9.592575
2685,34.54166,-119.79146,4.3754215
2920,37.338135,-121.849783,17.26839
2805,34.48974,-120.04692,4.5684586
1527,38.71209,-121.38109,9.223198
1593,38.71209,-121.38109,5.473549
2202,33.362593,-117.09023,18.050018
2417,32.842318,-116.768293,19.291687
1431,38.494475,-121.211131,11.125721
3043,37.348497,-121.894898,10.878098
1108,33.99636,-117.4924,18.17453
1522,38.613779,-121.368014,7.8247185
1233,33.56125,-116.153383,0.75239944
1719,38.56844,-121.49311,14.356651
512,33.0325,-115.62361,47.789776
3175,37.338135,-121.849783,20.509209
1032,33.901389,-118.205,17.709766
2184,33.362593,-117.09023,19.176605
3062,37.079379,-121.600031,11.01236
648,32.67618,-115.48307,2.1532784
333,36.710833,-119.7775,45.207993
1998,34.05977,-117.14731,5.4769135
2691,34.403052,-119.457914,0.96388245
2329,32.842318,-116.768293,6.140831
798,34.14435,-117.85036,8.2854
302,36.819449,-119.716433,17.18187
3188,37.338135,-121.849783,9.274185
2586,34.48974,-120.04692,8.439693
1377,33.99636,-117.4924,13.397659
1802,34.030833,-117.61722,48.706482
939,34.1365,-117.92391,36.078712
828,34.1326,-118.1272,4.1675415
1983,34.106678,-117.274063,24.122055
233,36.710833,-119.7775,24.902084
2577,34.48974,-120.04692,7.4487457
2140,34.510961,-117.32554,23.040962
39,36.710833,-119.7775,9.28038
2891,37.348497,-121.894898,6.7330475
3090,37.226862,-121.979675,13.001644
2129,34.510961,-117.32554,14.996384
2480,33.362593,-117.09023,10.6925125
784,34.19925,-118.53276,11.040024
1635,38.71209,-121.38109,9.284332
654,32.67618,-115.48307,10.7934265
2821,34.48974,-120.04692,8.10054
451,32.97833,-115.53917,5.9343414
3154,37.338135,-121.849783,41.21708
293,36.985119,-119.658339,39.331055
91,36.78538,-119.77321,7.1791153
1224,33.85275,-116.54101,2.6535034
3156,36.999571,-121.574684,13.924828
2031,34.10374,-117.62914,27.265656
2768,34.942872,-120.435611,11.276375
2932,37.338135,-121.849783,18.976639
150,36.597442,-119.503659,16.157486
61,36.710833,-119.7775,10.083973
2955,37.348497,-121.894898,22.444496
1054,33.99636,-117.4924,3.1073914
2592,34.725352,-120.428717,7.2497864
3047,37.348497,-121.894898,11.077137
1855,35.1019,-115.7767,13.414711
431,32.67618,-115.48307,8.3715515
772,34.1326,-118.1272,9.954613
1286,33.99958,-117.41601,19.992966
1699,38.71209,-121.38109,10.030891
893,34.14435,-117.85036,23.317314
1878,35.1019,-115.7767,1.3953934
2264,32.842318,-116.768293,5.273369
94,36.710833,-119.7775,17.743988
1738,38.613779,-121.368014,13.235085
2280,33.362593,-117.09023,21.72493
1315,33.92086,-116.85841,10.826187
297,36.710833,-119.7775,31.596588
1804,34.030833,-117.61722,14.380531
416,33.0325,-115.62361,12.207672
549,32.67618,-115.48307,8.335838
2934,37.348497,-121.894898,10.185177
2232,32.57816,-116.92135,0.9718895
1561,38.613779,-121.368014,21.725906
1058,33.99636,-117.4924,6.5036163
2907,36.999571,-121.574684,20.789326
1088,33.92086,-116.85841,17.528648
1094,33.85275,-116.54101,2.740738
1574,38.71209,-121.38109,5.825325
2901,36.999571,-121.574684,16.306015
2940,37.079379,-121.600031,21.467178
3022,37.226862,-121.979675,6.1760254
1416,38.613779,-121.368014,23.339592
1035,33.859662,-118.200707,4.038681
1728,38.613779,-121.368014,14.411915
1135,33.70853,-116.21537,5.8723984
1936,34.05977,-117.14731,13.305939
1697,38.494475,-121.211131,6.9830933
1819,34.030833,-117.61722,2.6897125
2243,32.57816,-116.92135,19.709717
886,34.06703,-117.7514,32.554047
1734,38.613779,-121.368014,3.6283798
363,32.67618,-115.48307,32.980392
2289,32.842318,-116.768293,16.091873
1640,38.71209,-121.38109,10.823257
2191,33.362593,-117.09023,0.121780396
2429,32.842318,-116.768293,6.353775
1021,33.859662,-118.200707,10.095215
831,34.14435,-117.85036,7.1181793
861,34.38344,-118.5284,39.5326
3032,37.079379,-121.600031,8.039135
2423,33.362593,-117.09023,87.19336
499,32.67618,-115.48307,11.978149
656,32.97833,-115.53917,8.849777
3146,37.226862,-121.979675,17.574005
545,32.67618,-115.48307,1.8712158
1371,33.99636,-117.4924,11.527504
855,34.38344,-118.5284,9.646397
214,36.819449,-119.716433,12.800537
2559,34.54166,-119.79146,0.7239075
2431,32.845709,-117.123964,14.23111
1849,35.1019,-115.7767,5.0788345
2970,36.999571,-121.574684,15.700211
1422,38.613779,-121.368014,16.944054
701,33.859662,-118.200707,49.244865
86,36.985119,-119.658339,9.184284
1786,34.030833,-117.61722,3.474495
2215,32.710177,-117.142665,21.399807
434,32.67618,-115.48307,4.364147
1900,34.05977,-117.14731,26.154922
1063,33.99636,-117.4924,12.608902
1116,33.99636,-117.4924,16.075363
239,36.985119,-119.658339,14.214081
2493,33.362593,-117.09023,8.837463
1142,33.70853,-116.21537,10.725433
362,32.67618,-115.48307,15.706673
337,36.634225,-120.382331,3.3113556
125,36.985119,-119.658339,9.194672
1520,38.613779,-121.368014,16.512665
2700,34.605819,-120.075069,8.007351
1090,33.99636,-117.4924,25.520172
71,36.819449,-119.716433,11.71106
287,36.985119,-119.658339,19.369743
1403,33.99636,-117.4924,0.6798401
898,34.14435,-117.85036,33.941772
502,32.67618,-115.48307,4.0878525
1038,33.901389,-118.205,0.0005187988
2707,34.54166,-119.79146,3.839386
2712,34.403052,-119.457914,3.5088158
2560,34.725352,-120.428717,6.9123764
2948,36.999571,-121.574684,15.322212
319,36.710833,-119.7775,1.8103943
1458,38.56844,-121.49311,4.572151
2501,33.362593,-117.09023,4.507744
6,36.819449,-119.716433,17.010109
1055,33.99636,-117.4924,9.347618
450,32.67618,-115.48307,10.244961
3064,37.079379,-121.600031,9.826729
113,36.705474,-119.741332,11.515442
2667,34.48974,-120.04692,0.74427795
2979,37.226862,-121.979675,18.076607
2187,33.362593,-117.09023,21.329475
1857,35.1019,-115.7767,7.2681885
3231,37.338135,-121.849783,15.330734
463,32.67618,-115.48307,4.528656
832,34.14435,-117.85036,18.836945
1663,38.494475,-121.211131,39.05919
2304,32.842318,-116.768293,35.78839
2760,34.942872,-120.435611,7.214596
96,36.985119,-119.658339,15.077728
2807,34.427775,-119.691218,11.934517
2103,34.10002,-117.49201,14.206825
1226,33.944713,-116.830074,13.590897
2677,34.427775,-119.691218,0.16554642
1411,33.9397,-115.4108,3.1838646
3202,37.338135,-121.849783,7.162983
793,34.1326,-118.1272,10.738251
2454,33.362593,-117.09023,12.272289
2353,32.842318,-116.768293,28.550026
2894,37.226862,-121.979675,22.118107
1127,33.70853,-116.21537,5.851383
377,32.67618,-115.48307,3.190918
2816,34.48974,-120.04692,0.9718094
2729,34.54166,-119.79146,1.5485725
1227,33.944713,-116.830074,14.565018
774,34.1326,-118.1272,15.601944
1152,33.70853,-116.21537,6.839199
1609,38.71209,-121.38109,8.35313
493,32.67618,-115.48307,13.356632
555,33.0325,-115.62361,1.63311
2925,37.348497,-121.894898,14.32634
747,34.1326,-118.1272,16.320724
1911,34.05977,-117.14731,10.874054
1586,38.71209,-121.38109,4.602646
1446,38.613779,-121.368014,20.103912
1042,33.859662,-118.200707,12.190155
1803,34.030833,-117.61722,9.320747
1680,38.71209,-121.38109,12.764416
1332,33.70853,-116.21537,4.906662
3122,37.348497,-121.894898,18.774765
2520,34.48974,-120.04692,4.42247
2375,32.842318,-116.768293,12.3871155
490,32.67618,-115.48307,2.4756584
124,36.597442,-119.503659,6.618782
848,34.1326,-118.1272,16.178146
1542,38.494475,-121.211131,19.538872
3228,37.338135,-121.849783,7.0077324
1452,38.613779,-121.368014,11.334999
3142,37.338135,-121.849783,12.213501
2174,32.842318,-116.768293,29.592941
2176,33.362593,-117.09023,15.454491
635,32.67618,-115.48307,3.2940521
390,33.0325,-115.62361,11.793602
2096,34.030833,-117.61722,22.153809
1482,38.613779,-121.368014,9.301163
1095,33.99636,-117.4924,7.0516815
1810,34.05977,-117.14731,12.538261
2648,34.48974,-120.04692,1.3526726
2869,34.942872,-120.435611,4.6191025
571,32.67618,-115.48307,18.839699
2354,32.842318,-116.768293,13.580978
735,34.06659,-118.22688,3.582283
2678,34.63782,-120.4575,0.0635643
597,32.67618,-115.48307,21.564392
120,36.819449,-119.716433,14.103851
2204,32.842318,-116.768293,27.563217
2931,37.338135,-121.849783,23.19799
1882,34.05977,-117.14731,10.165047
968,34.19925,-118.53276,6.300354
987,33.79236,-118.17533,51.595886
103,36.819449,-119.716433,12.209427
1046,33.901389,-118.205,13.83535
1024,33.79236,-118.17533,32.03762
2531,34.48974,-120.04692,2.4410934
553,33.213611,-115.54528,1.821228
3075,37.226862,-121.979675,10.529957
2110,34.030833,-117.61722,20.029907
1272,33.70853,-116.21537,5.3551636
3114,37.338135,-121.849783,8.556068
910,34.06703,-117.7514,27.009918
1523,38.613779,-121.368014,10.286644
765,34.19925,-118.53276,13.04916
2866,34.427775,-119.691218,10.594154
1474,38.613779,-121.368014,13.316128
791,34.14435,-117.85036,13.805923
636,32.67618,-115.48307,6.632416
253,36.985119,-119.658339,3.0190353
1186,33.572019,-116.063823,47.669617
724,33.859662,-118.200707,3.5735931
598,32.97833,-115.53917,14.354866
167,36.819449,-119.716433,2.7681427
188,36.597442,-119.503659,20.328049
417,32.67618,-115.48307,10.130043
1726,38.613779,-121.368014,9.673164
424,32.67618,-115.48307,16.94561
2123,34.030833,-117.61722,3.7115936
2656,34.54166,-119.79146,4.2937393
187,36.597442,-119.503659,16.33805
1196,33.70853,-116.21537,0.0009384155
184,36.597442,-119.503659,3.463478
2477,33.362593,-117.09023,0.6651993
1940,34.05977,-117.14731,11.788055
172,36.985119,-119.658339,12.581497
1292,33.99636,-117.4924,25.15097
667,32.67618,-115.48307,1.0555954
455,32.67618,-115.48307,4.6862717
299,36.710833,-119.7775,22.974838
2320,33.362593,-117.09023,3.4104996
3215,37.348497,-121.894898,0.29307556
1445,38.593322,-121.503795,8.242271
414,32.67618,-115.48307,29.467041
2274,33.362593,-117.09023,13.2415085
1469,38.613779,-121.368014,8.902565
2078,34.030833,-117.61722,13.619553
2594,34.725352,-120.428717,4.740402
850,34.14435,-117.85036,0.1618576
1532,38.71209,-121.38109,10.0861435
1192,33.572019,-116.063823,75.12503
822,34.14435,-117.85036,10.933472
503,32.79222,-115.56306,14.380684
2188,33.362593,-117.09023,17.777794
1119,33.70853,-116.21537,8.938606
109,36.597442,-119.503659,4.78981
1009,34.181977,-118.363036,6.9497185
2055,34.2431,-117.27235,7.4221344
494,33.0325,-115.62361,4.4206085
537,32.67618,-115.48307,13.411766
349,36.710833,-119.7775,27.73729
926,34.06703,-117.7514,26.116714
404,32.67618,-115.48307,21.651688
1793,34.030833,-117.61722,11.278557
151,36.597442,-119.503659,4.742691
1551,38.71209,-121.38109,6.3463364
2020,34.05977,-117.14731,2.9880524
2511,34.427775,-119.691218,5.928108
574,32.67618,-115.48307,10.90184
133,36.819449,-119.716433,15.326317
2340,32.842318,-116.768293,3.2328491
1484,38.613779,-121.368014,6.2572823
1836,34.030833,-117.61722,14.872124
2578,34.48974,-120.04692,9.231098
1724,38.613779,-121.368014,9.625435
618,32.67618,-115.48307,12.769722
780,34.1326,-118.1272,13.770081
2966,36.999571,-121.574684,15.067928
1082,33.70853,-116.21537,7.6232376
376,32.67618,-115.48307,19.481636
2,36.78538,-119.77321,25.237892
2369,32.842318,-116.768293,49.24109
163,36.597442,-119.503659,8.225182
1631,38.71209,-121.38109,3.761322
1075,33.99636,-117.4924,2.778675
2059,34.05977,-117.14731,2.8994293
1126,33.70853,-116.21537,7.917137
2137,34.030833,-117.61722,0.5452423
2368,32.842318,-116.768293,23.41504
1138,33.56125,-116.153383,10.416328
2206,33.362593,-117.09023,16.269852
2554,34.427775,-119.691218,4.241852
433,32.67618,-115.48307,4.103863
2546,34.427775,-119.691218,2.5597954
1338,33.99636,-117.4924,19.09536
237,36.819449,-119.716433,12.56662
53,36.710833,-119.7775,10.417709
928,34.14435,-117.85036,28.168884
1079,33.99636,-117.4924,41.935356
2305,32.842318,-116.768293,14.510811
2654,34.942872,-120.435611,0.25204468
1567,38.613779,-121.368014,9.800171
538,32.67618,-115.48307,12.727768
2254,32.842318,-116.768293,19.246323
2496,33.362593,-117.09023,7.7578735
1643,38.302591,-121.420838,18.58384
1787,34.030833,-117.61722,15.794945
946,34.14435,-117.85036,1.2177582
732,33.901389,-118.205,6.9756165
577,32.67618,-115.48307,24.223106
3119,37.338135,-121.849783,5.097702
1918,35.1019,-115.7767,12.975113
1438,38.613779,-121.368014,12.4356
1731,38.613779,-121.368014,2.6228027
156,36.597442,-119.503659,4.0796585
2581,34.427775,-119.691218,6.81242
328,36.78538,-119.77321,23.017738
2450,33.362593,-117.09023,8.638641
403,32.67618,-115.48307,25.323776
1834,34.030833,-117.61722,17.930542
600,32.67618,-115.48307,5.3528595
3147,37.079379,-121.600031,37.960236
787,34.1326,-118.1272,14.098209
1468,38.613779,-121.368014,2.332512
1957,34.2431,-117.27235,6.2695312
1709,38.613779,-121.368014,26.663319
1102,33.99636,-117.4924,12.092468
3134,36.999571,-121.574684,9.801186
1959,34.05977,-117.14731,5.1464386
1147,33.70853,-116.21537,5.918724
1219,33.944713,-116.830074,18.918823
2457,33.362593,-117.09023,5.814064
1131,33.70853,-116.21537,8.20203
2630,34.48974,-120.04692,11.521133
2482,33.362593,-117.09023,5.68779
2662,34.427775,-119.691218,5.0430717
761,34.1326,-118.1272,13.977211
3052,37.348497,-121.894898,8.074539
2859,34.54166,-119.79146,5.6434174
767,34.19925,-118.53276,13.462292
2626,34.403052,-119.457914,3.5162315
2120,34.030833,-117.61722,1.3656693
2852,34.427775,-119.691218,12.12907
2582,34.403052,-119.457914,8.369183
937,34.669739,-118.130511,90.224976
415,32.67618,-115.48307,31.512505
164,36.597442,-119.503659,6.10997
405,32.67618,-115.48307,24.118515
2336,32.842318,-116.768293,13.958988
1702,38.56844,-121.49311,26.348083
2172,32.57816,-116.92135,27.613174
957,34.38344,-118.5284,26.436829
1742,38.613779,-121.368014,24.163383
1703,38.494475,-121.211131,9.575363
2522,34.48974,-120.04692,2.0431824
764,33.859662,-118.200707,12.43441
1980,34.05977,-117.14731,0.7939148
513,32.67618,-115.48307,3.990635
3185,37.348497,-121.894898,18.561348
1588,38.71209,-121.38109,4.845093
3012,36.999571,-121.574684,10.988052
114,36.597442,-119.503659,12.911308
1045,34.181977,-118.363036,9.897919
1828,34.030833,-117.61722,11.352303
2352,32.842318,-116.768293,12.354664
2535,34.44551,-119.8284,7.509819
2108,34.510961,-117.32554,9.160828
853,34.38344,-118.5284,37.152008
1721,38.71209,-121.38109,8.22747
1771,38.494475,-121.211131,11.365135
1288,33.944713,-116.830074,5.83963
1225,33.92086,-116.85841,6.4858093
570,32.79222,-115.56306,3.6313248
1107,33.99636,-117.4924,5.827202
1745,38.613779,-121.368014,13.469162
567,32.67618,-115.48307,1.6295357
2989,37.079379,-121.600031,17.195744
2929,37.338135,-121.849783,29.517593
887,34.06703,-117.7514,21.054665
3132,36.999571,-121.574684,51.50556
2635,34.403052,-119.457914,21.414955
2884,37.348497,-121.894898,17.494423
2412,33.362593,-117.09023,10.584137
64,36.985119,-119.658339,6.904022
3184,37.079379,-121.600031,27.773537
1335,33.99636,-117.4924,1.0615997
339,36.710833,-119.7775,6.462593
3120,37.338135,-121.849783,3.9755974
2670,34.605819,-120.075069,11.215641
1089,33.99636,-117.4924,1.8250427
2338,33.362593,-117.09023,10.076988
1723,38.613779,-121.368014,7.1950684
2827,34.48974,-120.04692,5.464218
684,32.67618,-115.48307,8.447609
1429,38.613779,-121.368014,12.986443
1275,33.56125,-116.153383,11.616425
3081,37.348497,-121.894898,6.835106
2345,32.842318,-116.768293,7.199978
2502,33.362593,-117.09023,13.41053
2134,34.030833,-117.61722,14.087601
116,36.705474,-119.741332,13.888733
341,36.710833,-119.7775,27.318787
1722,38.71209,-121.38109,5.8007507
1155,33.70853,-116.21537,5.9203186
1881,34.05977,-117.14731,13.280487
2902,36.999571,-121.574684,6.4712563
1483,38.302591,-121.420838,9.875656
670,32.67618,-115.48307,2.7289429
1870,35.1019,-115.7767,0.34056854
1960,34.10374,-117.62914,3.0819016
19,36.710833,-119.7775,3.928032
24,36.710833,-119.7775,7.4409065
464,32.67618,-115.48307,1.3982468
2756,34.427775,-119.691218,10.834557
3206,37.348497,-121.894898,10.378784
1207,33.99636,-117.4924,7.935196
1177,33.67649,-117.33098,7.39447
2111,34.06812,-117.52579,13.076401
712,34.06659,-118.22688,70.26467
2178,32.57816,-116.92135,16.754211
911,34.14435,-117.85036,31.311913
2645,34.48974,-120.04692,4.155079
743,33.859662,-118.200707,20.644302
1632,38.494475,-121.211131,0.34621048
2965,37.079379,-121.600031,6.82777
2441,32.57816,-116.92135,11.299126
81,36.819449,-119.716433,8.756905
1619,38.71209,-121.38109,9.286961
386,32.67618,-115.48307,9.791084
1552,38.613779,-121.368014,6.801033
1655,38.56844,-121.49311,21.223274
2900,37.338135,-121.849783,28.251305
1575,38.302591,-121.420838,7.9323807
112,36.597442,-119.503659,4.23888
2432,32.842318,-116.768293,14.955124
2100,34.030833,-117.61722,3.2513123
3030,37.079379,-121.600031,9.70467
1064,33.99636,-117.4924,22.309273
1026,33.901389,-118.205,26.885086
1472,38.56844,-121.49311,3.8417358
1582,38.71209,-121.38109,9.685238
2133,34.26464,-116.86147,24.631401
2325,32.842318,-116.768293,12.377575
952,34.14435,-117.85036,0.5060272
876,34.14435,-117.85036,9.19175
696,33.901389,-118.205,1.3284149
1169,33.99636,-117.4924,1.8586044
1641,38.302591,-121.420838,26.612625
1010,34.181977,-118.363036,1.4226875
922,34.181977,-118.363036,4.819313
2628,34.942872,-120.435611,0.3203354
413,32.67618,-115.48307,8.343559
1681,38.71209,-121.38109,4.265766
2936,37.338135,-121.849783,25.463272
2409,32.842318,-116.768293,16.762619
3102,37.079379,-121.600031,30.50541
2945,37.338135,-121.849783,20.35788
2200,32.842318,-116.768293,25.981384
2142,32.789565,-116.944308,11.408035
1604,38.613779,-121.368014,7.2361145
3088,37.079379,-121.600031,6.4393425
3152,37.348497,-121.894898,11.352051
1316,33.78942,-117.22764,2.4659424
234,36.985119,-119.658339,30.19017
398,32.67618,-115.48307,20.339027
692,33.859662,-118.200707,2.0935898
1639,38.71209,-121.38109,8.687843
232,36.819449,-119.716433,34.154816
2697,34.427775,-119.691218,12.542366
709,34.181977,-118.363036,9.937195
213,36.597442,-119.503659,1.5695114
1713,38.56844,-121.49311,8.371948
1919,34.05977,-117.14731,5.5148697
159,36.597442,-119.503659,2.9481812
130,36.597442,-119.503659,11.710972
272,36.710833,-119.7775,17.182278
475,32.67618,-115.48307,0.34591675
2680,34.403052,-119.457914,4.1102257
746,34.181977,-118.363036,20.013374
668,32.67618,-115.48307,21.350563
2075,34.106678,-117.274063,46.260727
1887,34.05977,-117.14731,4.3521576
1937,34.05977,-117.14731,0.8858795
1033,33.901389,-118.205,28.995499
1454,38.494475,-121.211131,3.690483
88,36.985119,-119.658339,7.300949
923,34.38344,-118.5284,20.057617
173,36.985119,-119.658339,6.648964
1193,33.85275,-116.54101,6.80072
1109,33.70853,-116.21537,17.464333
1076,33.99636,-117.4924,4.000519
2381,32.842318,-116.768293,1.5569458
3082,37.226862,-121.979675,8.86692
1630,38.613779,-121.368014,10.922386
2820,34.942872,-120.435611,1.2417221
2447,33.362593,-117.09023,30.540154
2160,32.789565,-116.944308,18.896088
1513,38.71209,-121.38109,9.080437
2410,32.842318,-116.768293,9.316483
2049,34.10374,-117.62914,26.772324
1274,33.99636,-117.4924,9.590805
1242,33.78942,-117.22764,2.1801682
2786,34.54166,-119.79146,6.6564484
3153,37.338135,-121.849783,3.7015076
2148,32.789565,-116.944308,35.700516
406,32.67618,-115.48307,5.5897484
497,32.67618,-115.48307,13.335983
288,36.634225,-120.382331,20.432419
2928,36.999571,-121.574684,6.474251
3038,37.338135,-121.849783,1.7405548
1188,33.85275,-116.54101,7.03096
429,32.67618,-115.48307,21.703075
2135,34.510961,-117.32554,2.101059
2384,33.362593,-117.09023,3.4729004
1289,33.944713,-116.830074,8.420265
1547,38.302591,-121.420838,10.494621
2297,33.362593,-117.09023,9.029526
2770,34.427775,-119.691218,11.033653
483,32.67618,-115.48307,17.485878
2426,33.362593,-117.09023,30.110535
2040,34.05977,-117.14731,20.259178
3031,37.079379,-121.600031,7.399788
640,32.67618,-115.48307,27.851059
509,32.67618,-115.48307,2.3249245
1062,33.99636,-117.4924,4.8321533
400,32.67618,-115.48307,6.263756
343,36.78538,-119.77321,28.893524
2291,33.362593,-117.09023,12.704178
2905,37.338135,-121.849783,4.7612457
2210,32.842318,-116.768293,19.517754
3001,37.079379,-121.600031,23.83702
2158,33.362593,-117.09023,25.883492
1268,33.92086,-116.85841,7.372757
2952,37.079379,-121.600031,22.092842
1146,33.70853,-116.21537,7.198044
3035,36.999571,-121.574684,5.390808
2562,34.725352,-120.428717,4.9112625
733,34.1326,-118.1272,19.105286
1779,34.030833,-117.61722,6.2429657
3084,37.226862,-121.979675,13.136921
1812,34.030833,-117.61722,0.34659576
677,32.67618,-115.48307,9.172005
2726,34.403052,-119.457914,7.3996124
2868,34.427775,-119.691218,2.9984894
445,32.67618,-115.48307,4.275688
1554,38.71209,-121.38109,8.929249
2764,34.942872,-120.435611,87.303986
2066,34.10374,-117.62914,0.22935486
664,32.67618,-115.48307,5.0278053
2387,32.842318,-116.768293,0.8755188
2991,37.079379,-121.600031,7.414776
3050,37.348497,-121.894898,9.548244
612,32.67618,-115.48307,5.008339
401,32.67618,-115.48307,6.6383133
1170,33.70853,-116.21537,0.38516235
1947,34.05977,-117.14731,2.041916
758,33.859662,-118.200707,14.861298
623,32.67618,-115.48307,35.16417
661,32.67618,-115.48307,37.38585
281,36.985119,-119.658339,2.7359161
1028,33.859662,-118.200707,11.547485
1309,33.99958,-117.41601,20.255737
1683,38.494475,-121.211131,16.212933
2854,34.54166,-119.79146,6.0330734
3179,37.348497,-121.894898,19.095795
38,36.72639,-119.733,0.7626724
1388,33.99636,-117.4924,38.58252
1261,33.944713,-116.830074,10.7115555
1007,33.859662,-118.200707,12.328018
2102,34.030833,-117.61722,12.099823
2170,32.57816,-116.92135,11.752869
131,36.819449,-119.716433,16.52224
1022,33.859662,-118.200707,7.745575
966,34.181977,-118.363036,0.024490356
1237,33.99636,-117.4924,10.799896
669,32.67618,-115.48307,10.377968
316,36.710833,-119.7775,70.42442
